Entry,sequence
A4D256,MRSSTLQDPRRRDPQDDVYVDITDRLRFAILYSRPKSASNVHYFSIDNELEYENFSEDFGPLNLAMVYRYCCKINKKLKSITMLRKKIVHFTGSDQRKQANAAFLVGCYMVIYLGRTPEAAYRILIFGDTPYIPFRDAAYGSCNFYITLLDCFHAVKKAMQYGFLNFNSFNLDEYEHYEKAENGDLNWIIPDRFIAFCGPHSRARLESGYHQHSPETYIQYFKNHNVTTIIRLNKRMYDAKRFTDAGFDHHDLFFADGSTPTDAIVKRFLDICENAEGAIAVHCKAGLGRTGTLIACYIMKHYRMTAAETIAWVRICRPGLVIGPQQQFLVMKQTSLWLEGDYFRQRLKGQENGQHRAAFSKLLSGVDDISINGVENQDQQEPKPYSDDDEINGVTQGDRSRALKRRRQSKTNDILLPSPLAVLTFTLCSVVIWWIVCDYILPILLF
A6NFA1,MHAALAGPLLAALLATARARPQPPDGGQCRPPGSQRDLNSFLWTIRRDPPAYLFGTIHVPYTRVWDFIPDNSKAAFQASTRVYFELDLTDPYTISALASCQLLPHGENLQDVLPHELYWRLKRHLDYVKLMMPSWMTPAQRGKGLYADYLFNAIAGNWERKRPVWVMLMVNSLTERDVRFRGVPVLDLYLAQQAEKMKKTTGAVEQVEEQCHPLNNGLNFSQVLFALNQTLLQQESVRAGSLQASYTTEDLIKHYNCGDLSAVIFNHDTSQLPNFINTTLPPHEQVTAQEIDSYFRQELIYKRNERMGKRVMALLRENEDKICFFAFGAGHFLGNNTVIDILRQAGLEVDHTPAGQAIHSPAPQSPAPSPEGTSTSPAPVTPAAAVPEAPSVTPTAPPEDEDPALSPHLLLPDSLSQLEEFGRQRKWHKRQSTHQRPRQFNDLWVRIEDSTTASPPPLPLQPTHSSGTAKPPFQLSDQLQQQDPPGPASSSAPTLGLLPAIATTIAVCFLLHSLGPS
A6NI73,MAPWSHPSAQLQPVGGDAVSPALMVLLCLGLSLGPRTHVQAGNLSKATLWAEPGSVISRGNSVTIRCQGTLEAQEYRLVKEGSPEPWDTQNPLEPKNKARFSIPSMTEHHAGRYRCYYYSPAGWSEPSDPLELVVTGFYNKPTLSALPSPVVTSGENVTLQCGSRLRFDRFILTEEGDHKLSWTLDSQLTPSGQFQALFPVGPVTPSHRWMLRCYGSRRHILQVWSEPSDLLEIPVSGAADNLSPSQNKSDSGTASHLQDYAVENLIRMGMAGLILVVLGILIFQDWHSQRSPQAAAGR
O00241,MPVPASWPHLPSPFLLMTLLLGRLTGVAGEDELQVIQPEKSVSVAAGESATLRCAMTSLIPVGPIMWFRGAGAGRELIYNQKEGHFPRVTTVSELTKRNNLDFSISISNITPADAGTYYCVKFRKGSPDDVEFKSGAGTELSVRAKPSAPVVSGPAVRATPEHTVSFTCESHGFSPRDITLKWFKNGNELSDFQTNVDPAGDSVSYSIHSTARVVLTRGDVHSQVICEIAHITLQGDPLRGTANLSEAIRVPPTLEVTQQPMRAENQANVTCQVSNFYPRGLQLTWLENGNVSRTETASTLIENKDGTYNWMSWLLVNTCAHRDDVVLTCQVEHDGQQAVSKSYALEISAHQKEHGSDITHEAALAPTAPLLVALLLGPKLLLVVGVSAIYICWKQKA
O00526,MAPLLPIRTLPLILILLALLSPGAADFNISSLSGLLSPALTESLLVALPPCHLTGGNATLMVRRANDSKVVTSSFVVPPCRGRRELVSVVDSGAGFTVTRLSAYQVTNLVPGTKFYISYLVKKGTATESSREIPMSTLPRRNMESIGLGMARTGGMVVITVLLSVAMFLLVLGFIIALALGSRK
O14653,MDPLFQQTHKQVHEIQSCMGRLETADKQSVHIVENEIQASIDQIFSRLERLEILSSKEPPNKRQNARLRVDQLKYDVQHLQTALRNFQHRRHAREQQERQREELLSRTFTTNDSDTTIPMDESLQFNSSLQKVHNGMDDLILDGHNILDGLRTQRLTLKGTQKKILDIANMLGLSNTVMRLIEKRAFQDKYFMIGGMLLTCVVMFLVVQYLT
O14662,MATRRLTDAFLLLRNNSIQNRQLLAEQVSSHITSSPLHSRSIAAELDELADDRMALVSGISLDPEAAIGVTKRPPPKWVDGVDEIQYDVGRIKQKMKELASLHDKHLNRPTLDDSSEEEHAIEITTQEITQLFHRCQRAVQALPSRARACSEQEGRLLGNVVASLAQALQELSTSFRHAQSGYLKRMKNREERSQHFFDTSVPLMDDGDDNTLYHRGFTEDQLVLVEQNTLMVEEREREIRQIVQSISDLNEIFRDLGAMIVEQGTVLDRIDYNVEQSCIKTEDGLKQLHKAEQYQKKNRKMLVILILFVIIIVLIVVLVGVKSR
O15400,MSYTPGVGGDPAQLAQRISSNIQKITQCSVEIQRTLNQLGTPQDSPELRQQLQQKQQYTNQLAKETDKYIKEFGSLPTTPSEQRQRKIQKDRLVAEFTTSLTNFQKVQRQAAEREKEFVARVRASSRVSGSFPEDSSKERNLVSWESQTQPQVQVQDEEITEDDLRLIHERESSIRQLEADIMDINEIFKDLGMMIHEQGDVIDSIEANVENAEVHVQQANQQLSRAADYQRKSRKTLCIIILILVIGVAIISLIIWGLNH
O43169,MSGSMATAEASGSDGKGQEVETSVTYYRLEEVAKRNSLKELWLVIHGRVYDVTRFLNEHPGGEEVLLEQAGVDASESFEDVGHSSDAREMLKQYYIGDIHPSDLKPESGSKDPSKNDTCKSCWAYWILPIIGAVLLGFLYRYYTSESKSS
O43752,MSMEDPFFVVKGEVQKAVNTAQGLFQRWTELLQDPSTATREEIDWTTNELRNNLRSIEWDLEDLDETISIVEANPRKFNLDATELSIRKAFITSTRQVVRDMKDQMSTSSVQALAERKNRQALLGDSGSQNWSTGTTDKYGRLDRELQRANSHFIEEQQAQQQLIVEQQDEQLELVSGSIGVLKNMSQRIGGELEEQAVMLEDFSHELESTQSRLDNVMKKLAKVSHMTSDRRQWCAIAILFAVLLVVLILFLVL
O60499,MSLEDPFFVVRGEVQKAVNTARGLYQRWCELLQESAAVGREELDWTTNELRNGLRSIEWDLEDLEETIGIVEANPGKFKLPAGDLQERKVFVERMREAVQEMKDHMVSPTAVAFLERNNREILAGKPAAQKSPSDLLDASAVSATSRYIEEQQATQQLIMDEQDQQLEMVSGSIQVLKHMSGRVGEELDEQGIMLDAFAQEMDHTQSRMDGVLRKLAKVSHMTSDRRQWCAIAVLVGVLLLVLILLFSL
O60894,MARALCRLPRRGLWLLLAHHLFMTTACQEANYGALLRELCLTQFQVDMEAVGETLWCDWGRTIRSYRELADCTWHMAEKLGCFWPNAEVDRFFLAVHGRYFRSCPISGRAVRDPPGSILYPFIVVPITVTLLVTALVVWQSKRTEGIV
O60895,MASLRVERAGGPRLPRTRVGRPAALRLLLLLGAVLNPHEALAQPLPTTGTPGSEGGTVKNYETAVQFCWNHYKDQMDPIEKDWCDWAMISRPYSTLRDCLEHFAELFDLGFPNPLAERIIFETHQIHFANCSLVQPTFSDPPEDVLLAMIIAPICLIPFLITLVVWRSKDSEAQA
O60896,METGALRRPQLLPLLLLLCGGCPRAGGCNETGMLERLPLCGKAFADMMGKVDVWKWCNLSEFIVYYESFTNCTEMEANVVGCYWPNPLAQGFITGIHRQFFSNCTVDRVHLEDPPDEVLIPLIVIPVVLTVAMAGLVVWRSKRTDTLL
O75019,MTPIVTVLICLRLSLGPRTHVQAGTLPKPTLWAEPGSVITQGSPVTLWCQGILETQEYRLYREKKTAPWITRIPQEIVKKGQFPIPSITWEHTGRYRCFYGSHTAGWSEPSDPLELVVTGAYIKPTLSALPSPVVTSGGNVTLHCVSQVAFGSFILCKEGEDEHPQCLNSQPRTHGWSRAIFSVGPVSPSRRWSYRCYAYDSNSPHVWSLPSDLLELLVLGVSKKPSLSVQPGPIVAPGESLTLQCVSDVSYDRFVLYKEGERDFLQLPGPQPQAGLSQANFTLGPVSRSYGGQYRCSGAYNLSSEWSAPSDPLDILIAGQFRGRPFISVHPGPTVASGENVTLLCQSWGPFHTFLLTKAGAADAPLRLRSIHEYPKYQAEFPMSPVTSAHSGTYRCYGSLSSNPYLLSHPSDSLELMVSGAAETLSPPQNKSDSKAGAANTLSPSQNKTASHPQDYTVENLIRMGIAGLVLVVLGILLFEAQHSQRSL
O75379,MPPKFKRHLNDDDVTGSVKSERRNLLEDDSDEEEDFFLRGPSGPRFGPRNDKIKHVQNQVDEVIDVMQENITKVIERGERLDELQDKSESLSDNATAFSNRSKQLRRQMWWRGCKIKAIMALVAAILLLVIIILIVMKYRT
O75396,MVLLTMIARVADGLPLAASMQEDEQSGRDLQQYQSQAKQLFRKLNEQSPTRCTLEAGAMTFHYIIEQGVCYLVLCEAAFPKKLAFAYLEDLHSEFDEQHGKKVPTVSRPYSFIEFDTFIQKTKKLYIDSRARRNLGSINTELQDVQRIMVANIEEVLQRGEALSALDSKANNLSSLSKKYRQDAKYLNMRSTYAKLAAVAVFFIMLIVYVRFWWL
O75427,MAAAVAAPLAAGGEEAAATTSVPGSPGLPGRRSAERALEEAVATGTLNLSNRRLKHFPRGAARSYDLSDITQADLSRNRFPEVPEAACQLVSLEGLSLYHNCLRCLNPALGNLTALTYLNLSRNQLSLLPPYICQLPLRVLIVSNNKLGALPPDIGTLGSLRQLDVSSNELQSLPSELCGLSSLRDLNVRRNQLSTLPEELGDLPLVRLDFSCNRVSRIPVSFCRLRHLQVILLDSNPLQSPPAQVCLKGKLHIFKYLSTEAGQRGSALGDLAPSRPPSFSPCPAEDLFPGHRYDGGLDSGFHSVDSGSKRWSGNESTDEFSELSFRISELAREPRGPRERKEDGSADGDPVQIDFIDSHVPGEDEERGTVEEQRPPELSPGAGDRERAPSSRREEPAGEERRRPDTLQLWQERERRQQQQSGAWGAPRKDSLLKPGLRAVVGGAAAVSTQAMHNGSPKSSASQAGAAAGQGAPAPAPASQEPLPIAGPATAPAPRPLGSIQRPNSFLFRSSSQSGSGPSSPDSVLRPRRYPQVPDEKDLMTQLRQVLESRLQRPLPEDLAEALASGVILCQLANQLRPRSVPFIHVPSPAVPKLSALKARKNVESFLEACRKMGVPEADLCSPSDLLQGTARGLRTALEAVKRVGGKALPPLWPPSGLGGFVVFYVVLMLLLYVTYTRLLGS
O75452,MWLYLAVFVGLYYLLHWYRERQVLSHLRDKYVFITGCDSGFGKLLARQLDARGLRVLAACLTEKGAEQLRGQTSDRLETVTLDVTKTESVAAAAQWVKECVRDKGLWGLVNNAGISLPTAPNELLTKQDFVTILDVNLLGVIDVTLSLLPLVRRARGRVVNVSSVMGRVSLFGGGYCISKYGVEAFSDSLRRELSYFGVKVAMIEPGYFKTAVTSKERFLKSFLEIWDRSSPEVKEAYGEKFVADYKKSAEQMEQKCTQDLSLVTNCMEHALIACHPRTRYSAGWDAKLLYLPMSYMPTFLVDAIMYWVSPSPAKAL
O94966,MSGGASATGPRRGPPGLEDTTSKKKQKDRANQESKDGDPRKETGSRYVAQAGLEPLASGDPSASASHAAGITGSRHRTRLFFPSSSGSASTPQEEQTKEGACEDPHDLLATPTPELLLDWRQSAEEVIVKLRVGVGPLQLEDVDAAFTDTDCVVRFAGGQQWGGVFYAEIKSSCAKVQTRKGSLLHLTLPKKVPMLTWPSLLVEADEQLCIPPLNSQTCLLGSEENLAPLAGEKAVPPGNDPVSPAMVRSRNPGKDDCAKEEMAVAADAATLVDEPESMVNLAFVKNDSYEKGPDSVVVHVYVKEICRDTSRVLFREQDFTLIFQTRDGNFLRLHPGCGPHTTFRWQVKLRNLIEPEQCTFCFTASRIDICLRKRQSQRWGGLEAPAARVGGAKVAVPTGPTPLDSTPPGGAPHPLTGQEEARAVEKDKSKARSEDTGLDSVATRTPMEHVTPKPETHLASPKPTCMVPPMPHSPVSGDSVEEEEEEEKKVCLPGFTGLVNLGNTCFMNSVIQSLSNTRELRDFFHDRSFEAEINYNNPLGTGGRLAIGFAVLLRALWKGTHHAFQPSKLKAIVASKASQFTGYAQHDAQEFMAFLLDGLHEDLNRIQNKPYTETVDSDGRPDEVVAEEAWQRHKMRNDSFIVDLFQGQYKSKLVCPVCAKVSITFDPFLYLPVPLPQKQKVLPVFYFAREPHSKPIKFLVSVSKENSTASEVLDSLSQSVHVKPENLRLAEVIKNRFHRVFLPSHSLDTVSPSDTLLCFELLSSELAKERVVVLEVQQRPQVPSVPISKCAACQRKQQSEDEKLKRCTRCYRVGYCNQLCQKTHWPDHKGLCRPENIGYPFLVSVPASRLTYARLAQLLEGYARYSVSVFQPPFQPGRMALESQSPGCTTLLSTGSLEAGDSERDPIQPPELQLVTPMAEGDTGLPRVWAAPDRGPVPSTSGISSEMLASGPIEVGSLPAGERVSRPEAAVPGYQHPSEAMNAHTPQFFIYKIDSSNREQRLEDKGDTPLELGDDCSLALVWRNNERLQEFVLVASKELECAEDPGSAGEAARAGHFTLDQCLNLFTRPEVLAPEEAWYCPQCKQHREASKQLLLWRLPNVLIVQLKRFSFRSFIWRDKINDLVEFPVRNLDLSKFCIGQKEEQLPSYDLYAVINHYGGMIGGHYTACARLPNDRSSQRSDVGWRLFDDSTVTTVDESQVVTRYAYVLFYRRRNSPVERPPRAGHSEHHPDLGPAAEAAASQASRIWQELEAEEEPVPEGSGPLGPWGPQDWVGPLPRGPTTPDEGCLRYFVLGTVAALVALVLNVFYPLVSQSRWR
O95249,MAAGTSSYWEDLRKQARQLENELDLKLVSFSKLCTSYSHSSTRDGRRDRYSSDTTPLLNGSSQDRMFETMAIEIEQLLARLTGVNDKMAEYTNSAGVPSLNAALMHTLQRHRDILQDYTHEFHKTKANFMAIRERENLMGSVRKDIESYKSGSGVNNRRTELFLKEHDHLRNSDRLIEETISIAMATKENMTSQRGMLKSIHSKMNTLANRFPAVNSLIQRINLRKRRDSLILGGVIGICTILLLLYAFH
O95292,MAKVEQVLSLEPQHELKFRGPFTDVVTTNLKLGNPTDRNVCFKVKTTAPRRYCVRPNSGIIDAGASINVSVMLQPFDYDPNEKSKHKFMVQSMFAPTDTSDMEAVWKEAKPEDLMDSKLRCVFELPAENDKPHDVEINKIISTTASKTETPIVSKSLSSSLDDTEVKKVMEECKRLQGEVQRLREENKQFKEEDGLRMRKTVQSNSPISALAPTGKEEGLSTRLLALVVLFFIVGVIIGKIAL
O96011,MDAWVRFSAQSQARERLCRAAQYACSLLGHALQRHGASPELQKQIRQLESHLSLGRKLLRLGNSADALESAKRAVHLSDVVLRFCITVSHLNRALYFACDNVLWAGKSGLAPRVDQEKWAQRSFRYYLFSLIMNLSRDAYEIRLLMEQESSACSRRLKGSGGGVPGGSETGGLGGPGTPGGGLPQLALKLRLQVLLLARVLRGHPPLLLDVVRNACDLFIPLDKLGLWRCGPGIVGLCGLVSSILSILTLIYPWLRLKP
P00167,MAEQSDEAVKYYTLEEIQKHNHSKSTWLILHHKVYDLTKFLEEHPGGEEVLREQAGGDATENFEDVGHSTDAREMSKTFIIGELHPDDRPKLNKPPETLITTIDSSSSWWTNWVIPAISAVAVALMYRLYMAED
P01848,IQNPDPAVYQLRDSKSSDKSVCLFTDFDSQTNVSQSKDSDVYITDKTVLDMRSMDFKSNSAVAWSNKSDFACANAFNNSIIPEDTFFPSPESSCDVKLVEKSFETDTNLNFQNLSVIGFRILLLKVAGFNLLMTLRLWSS
P01850,DLNKVFPPEVAVFEPSEAEISHTQKATLVCLATGFFPDHVELSWWVNGKEVHSGVSTDPQPLKEQPALNDSRYCLSSRLRVSATFWQNPRNHFRCQVQFYGLSENDEWTQDRAKPVTQIVSAEAWGRADCGFTSVSYQQGVLSATILYEILLGKATLYAVLVSALVLMAMVKRKDF
P01871,GSASAPTLFPLVSCENSPSDTSSVAVGCLAQDFLPDSITFSWKYKNNSDISSTRGFPSVLRGGKYAATSQVLLPSKDVMQGTDEHVVCKVQHPNGNKEKNVPLPVIAELPPKVSVFVPPRDGFFGNPRKSKLICQATGFSPRQIQVSWLREGKQVGSGVTTDQVQAEAKESGPTTYKVTSTLTIKESDWLGQSMFTCRVDHRGLTFQQNASSMCVPDQDTAIRVFAIPPSFASIFLTKSTKLTCLVTDLTTYDSVTISWTRQNGEAVKTHTNISESHPNATFSAVGEASICEDDWNSGERFTCTVTHTDLPSPLKQTISRPKGVALHRPDVYLLPPAREQLNLRESATITCLVTGFSPADVFVQWMQRGQPLSPEKYVTSAPMPEPQAPGRYFAHSILTVSEEEWNTGETYTCVVAHEALPNRVTERTVDKSTEGEVSADEEGFENLWATASTFIVLFLLSLFYSTTVTLFKVK
P01880,APTKAPDVFPIISGCRHPKDNSPVVLACLITGYHPTSVTVTWYMGTQSQPQRTFPEIQRRDSYYMTSSQLSTPLQQWRQGEYKCVVQHTASKSKKEIFRWPESPKAQASSVPTAQPQAEGSLAKATTAPATTRNTGRGGEEKKKEKEKEEQEERETKTPECPSHTQPLGVYLLTPAVQDLWLRDKATFTCFVVGSDLKDAHLTWEVAGKVPTGGVEEGLLERHSNGSQSQHSRLTLPRSLWNAGTSVTCTLNHPSLPPQRLMALREPAAQAPVKLSLNLLASSDPPEAASWLLCEVSGFSPPNILLMWLEDQREVNTSGFAPARPPPQPRSTTFWAWSVLRVPAPPSPQPATYTCVVSHEDSRTLLNASRSLEVSYLAMTPLIPQSKDENSDDYTTFDDVGSLWTTLSTFVALFILTLLYSGIVTFIKVK
P01920,MSWKKALRIPGGLRAATVTLMLAMLSTPVAEGRDSPEDFVYQFKAMCYFTNGTERVRYVTRYIYNREEYARFDSDVEVYRAVTPLGPPDAEYWNSQKEVLERTRAELDTVCRHNYQLELRTTLQRRVEPTVTISPSRTEALNHHNLLVCSVTDFYPAQIKVRWFRNDQEETTGVVSTPLIRNGDWTFQILVMLEMTPQHGDVYTCHVEHPSLQNPITVEWRAQSESAQSKMLSGIGGFVLGLIFLGLGLIIHHRSQKGLLH
P05187,MLGPCMLLLLLLLGLRLQLSLGIIPVEEENPDFWNREAAEALGAAKKLQPAQTAAKNLIIFLGDGMGVSTVTAARILKGQKKDKLGPEIPLAMDRFPYVALSKTYNVDKHVPDSGATATAYLCGVKGNFQTIGLSAAARFNQCNTTRGNEVISVMNRAKKAGKSVGVVTTTRVQHASPAGTYAHTVNRNWYSDADVPASARQEGCQDIATQLISNMDIDVILGGGRKYMFRMGTPDPEYPDDYSQGGTRLDGKNLVQEWLAKRQGARYVWNRTELMQASLDPSVTHLMGLFEPGDMKYEIHRDSTLDPSLMEMTEAALRLLSRNPRGFFLFVEGGRIDHGHHESRAYRALTETIMFDDAIERAGQLTSEEDTLSLVTADHSHVFSFGGYPLRGSSIFGLAPGKARDRKAYTVLLYGNGPGYVLKDGARPDVTESESGSPEYRQQSAVPLDEETHAGEDVAVFARGPQAHLVHGVQEQTFIAHVMAFAACLEPYTACDLAPPAGTTDAAHPGRSVVPALLPLLAGTLLLLETATAP
P06126,MLFLLLPLLAVLPGDGNADGLKEPLSFHVTWIASFYNHSWKQNLVSGWLSDLQTHTWDSNSSTIVFLCPWSRGNFSNEEWKELETLFRIRTIRSFEGIRRYAHELQFEYPFEIQVTGGCELHSGKVSGSFLQLAYQGSDFVSFQNNSWLPYPVAGNMAKHFCKVLNQNQHENDITHNLLSDTCPRFILGLLDAGKAHLQRQVKPEAWLSHGPSPGPGHLQLVCHVSGFYPKPVWVMWMRGEQEQQGTQRGDILPSADGTWYLRATLEVAAGEAADLSCRVKHSSLEGQDIVLYWEHHSSVGFIILAVIVPLLLLIGLALWFRKRCFC
P06340,MALRAGLVLGFHTLMTLLSPQEAGATKADHMGSYGPAFYQSYGASGQFTHEFDEEQLFSVDLKKSEAVWRLPEFGDFARFDPQGGLAGIAAIKAHLDILVERSNRSRAINVPPRVTVLPKSRVELGQPNILICIVDNIFPPVINITWLRNGQTVTEGVAQTSFYSQPDHLFRKFHYLPFVPSAEDVYDCQVEHWGLDAPLLRHWELQVPIPPPDAMETLVCALGLAIGLVGFLVGTVLIIMGTYVSSVPR
P08574,MAAAAASLRGVVLGPRGAGLPGARARGLLCSARPGQLPLRTPQAVALSSKSGLSRGRKVMLSALGMLAAGGAGLAMALHSAVSASDLELHPPSYPWSHRGLLSSLDHTSIRRGFQVYKQVCASCHSMDFVAYRHLVGVCYTEDEAKELAAEVEVQDGPNEDGEMFMRPGKLFDYFPKPYPNSEAARAANNGALPPDLSYIVRARHGGEDYVFSLLTGYCEPPTGVSLREGLYFNPYFPGQAIAMAPPIYTDVLEFDDGTPATMSQIAKDVCTFLRWASEPEHDHRKRMGLKMLMMMALLVPLVYTIKRHKWSVLKSRKLAYRPPK
P09601,MERPQPDSMPQDLSEALKEATKEVHTQAENAEFMRNFQKGQVTRDGFKLVMASLYHIYVALEEEIERNKESPVFAPVYFPEELHRKAALEQDLAFWYGPRWQEVIPYTPAMQRYVKRLHEVGRTEPELLVAHAYTRYLGDLSGGQVLKKIAQKALDLPSSGEGLAFFTFPNIASATKFKQLYRSRMNSLEMTPAVRQRVIEEAKTAFLLNIQLFEELQELLTHDTKDQSPSRAPGLRQRASNKVQDSAPVETPRGKPPLNTRSQAPLLRWVLTLSFLVATVAVGLYAM
P0DSE1,MVLKFSVSILWIQLAWVSTQLLEQSPQFLSIQEGENLTVYCNSSSVFSSLQWYRQEPGEGPVLLVTVVTGGEVKKLKRLTFQFGDARKDSSLHITAAQPGDTGLYLCAGGGSQGNLIFGKGTKLSVKPIQNPDPAVYQLRDSKSSDKSVCLFTDFDSQTNVSQSKDSDVYITDKTVLDMRSMDFKSNSAVAWSNKSDFACANAFNNSIIPEDTFFPSPESSCDVKLVEKSFETDTNLNFQNLSVIGFRILLLKVAGFNLLMTLRLWSS
P0DTU3,MACPGFLWALVISTCLEFSMAQTVTQSQPEMSVQEAETVTLSCTYDTSESDYYLFWYKQPPSRQMILVIRQEAYKQQNATENRFSVNFQKAAKSFSLKISDSQLGDAAMYFCAYRSAVNARLMFGDGTQLVVKPNIQNPDPAVYQLRDSKSSDKSVCLFTDFDSQTNVSQSKDSDVYITDKTVLDMRSMDFKSNSAVAWSNKSDFACANAFNNSIIPEDTFFPSPESSCDVKLVEKSFETDTNLNFQNLSVIGFRILLLKVAGFNLLMTLRLWSS
P10415,MAHAGRTGYDNREIVMKYIHYKLSQRGYEWDAGDVGAAPPGAAPAPGIFSSQPGHTPHPAASRDPVARTSPLQTPAAPGAAAGPALSPVPPVVHLTLRQAGDDFSRRYRRDFAEMSSQLHLTPFTARGRFATVVEELFRDGVNWGRIVAFFEFGGVMCVESVNREMSPLVDNIALWMTEYLNRHLHTWIQDNGGWDAFVELYGPSMRPLFDFSWLSLKTLLSLALVGACITLGAYLGHK
P11279,MAAPGSARRPLLLLLLLLLLGLMHCASAAMFMVKNGNGTACIMANFSAAFSVNYDTKSGPKNMTFDLPSDATVVLNRSSCGKENTSDPSLVIAFGRGHTLTLNFTRNATRYSVQLMSFVYNLSDTHLFPNASSKEIKTVESITDIRADIDKKYRCVSGTQVHMNNVTVTLHDATIQAYLSNSSFSRGETRCEQDRPSPTTAPPAPPSPSPSPVPKSPSVDKYNVSGTNGTCLLASMGLQLNLTYERKDNTTVTRLLNINPNKTSASGSCGAHLVTLELHSEGTTVLLFQFGMNASSSRFFLQGIQLNTILPDARDPAFKAANGSLRALQATVGNSYKCNAEEHVRVTKAFSVNIFKVWVQAFKVEGGQFGSVEECLLDENSMLIPIAVGGALAGLVLIVLIAYLVGRKRSHAGYQTI
P14770,MPAWGALFLLWATAEATKDCPSPCTCRALETMGLWVDCRGHGLTALPALPARTRHLLLANNSLQSVPPGAFDHLPQLQTLDVTQNPWHCDCSLTYLRLWLEDRTPEALLQVRCASPSLAAHGPLGRLTGYQLGSCGWQLQASWVRPGVLWDVALVAVAALGLALLAGLLCATTEALD
P17693,MVVMAPRTLFLLLSGALTLTETWAGSHSMRYFSAAVSRPGRGEPRFIAMGYVDDTQFVRFDSDSACPRMEPRAPWVEQEGPEYWEEETRNTKAHAQTDRMNLQTLRGYYNQSEASSHTLQWMIGCDLGSDGRLLRGYEQYAYDGKDYLALNEDLRSWTAADTAAQISKRKCEAANVAEQRRAYLEGTCVEWLHRYLENGKEMLQRADPPKTHVTHHPVFDYEATLRCWALGFYPAEIILTWQRDGEDQTQDVELVETRPAGDGTFQKWAAVVVPSGEEQRYTCHVQHEGLPEPLMLRWKQSSLPTIPIMGIVAGLVVLAAVVTGAAVAAVLWRKKSSD
P21397,MENQEKASIAGHMFDVVVIGGGISGLSAAKLLTEYGVSVLVLEARDRVGGRTYTIRNEHVDYVDVGGAYVGPTQNRILRLSKELGIETYKVNVSERLVQYVKGKTYPFRGAFPPVWNPIAYLDYNNLWRTIDNMGKEIPTDAPWEAQHADKWDKMTMKELIDKICWTKTARRFAYLFVNINVTSEPHEVSALWFLWYVKQCGGTTRIFSVTNGGQERKFVGGSGQVSERIMDLLGDQVKLNHPVTHVDQSSDNIIIETLNHEHYECKYVINAIPPTLTAKIHFRPELPAERNQLIQRLPMGAVIKCMMYYKEAFWKKKDYCGCMIIEDEDAPISITLDDTKPDGSLPAIMGFILARKADRLAKLHKEIRKKKICELYAKVLGSQEALHPVHYEEKNWCEEQYSGGCYTAYFPPGIMTQYGRVIRQPVGRIFFAGTETATKWSGYMEGAVEAGERAAREVLNGLGKVTEKDIWVQEPESKDVPAVEITHTFWERNLPSVSGLLKIIGFSTSVTALGFVLYKYKLLPRS
P27338,MSNKCDVVVVGGGISGMAAAKLLHDSGLNVVVLEARDRVGGRTYTLRNQKVKYVDLGGSYVGPTQNRILRLAKELGLETYKVNEVERLIHHVKGKSYPFRGPFPPVWNPITYLDHNNFWRTMDDMGREIPSDAPWKAPLAEEWDNMTMKELLDKLCWTESAKQLATLFVNLCVTAETHEVSALWFLWYVKQCGGTTRIISTTNGGQERKFVGGSGQVSERIMDLLGDRVKLERPVIYIDQTRENVLVETLNHEMYEAKYVISAIPPTLGMKIHFNPPLPMMRNQMITRVPLGSVIKCIVYYKEPFWRKKDYCGTMIIDGEEAPVAYTLDDTKPEGNYAAIMGFILAHKARKLARLTKEERLKKLCELYAKVLGSLEALEPVHYEEKNWCEEQYSGGCYTTYFPPGILTQYGRVLRQPVDRIYFAGTETATHWSGYMEGAVEAGERAAREILHAMGKIPEDEIWQSEPESVDVPAQPITTTFLERHLPSVPGLLRLIGLTTIFSATALGFLAHKRGLLVRV
P28067,MGHEQNQGAALLQMLPLLWLLPHSWAVPEAPTPMWPDDLQNHTFLHTVYCQDGSPSVGLSEAYDEDQLFFFDFSQNTRVPRLPEFADWAQEQGDAPAILFDKEFCEWMIQQIGPKLDGKIPVSRGFPIAEVFTLKPLEFGKPNTLVCFVSNLFPPMLTVNWQHHSVPVEGFGPTFVSAVDGLSFQAFSYLNFTPEPSDIFSCIVTHEIDRYTAIAYWVPRNALPSDLLENVLCGVAFGLGVLGIIVGIVLIIYFRKPCSGD
P29016,MLLLPFQLLAVLFPGGNSEHAFQGPTSFHVIQTSSFTNSTWAQTQGSGWLDDLQIHGWDSDSGTAIFLKPWSKGNFSDKEVAELEEIFRVYIFGFAREVQDFAGDFQMKYPFEIQGIAGCELHSGGAIVSFLRGALGGLDFLSVKNASCVPSPEGGSRAQKFCALIIQYQGIMETVRILLYETCPRYLLGVLNAGKADLQRQVKPEAWLSSGPSPGPGRLQLVCHVSGFYPKPVWVMWMRGEQEQQGTQLGDILPNANWTWYLRATLDVADGEAAGLSCRVKHSSLEGQDIILYWRNPTSIGSIVLAIIVPSLLLLLCLALWYMRRRSYQNIP
P29017,MLFLQFLLLALLLPGGDNADASQEHVSFHVIQIFSFVNQSWARGQGSGWLDELQTHGWDSESGTIIFLHNWSKGNFSNEELSDLELLFRFYLFGLTREIQDHASQDYSKYPFEVQVKAGCELHSGKSPEGFFQVAFNGLDLLSFQNTTWVPSPGCGSLAQSVCHLLNHQYEGVTETVYNLIRSTCPRFLLGLLDAGKMYVHRQVRPEAWLSSRPSLGSGQLLLVCHASGFYPKPVWVTWMRNEQEQLGTKHGDILPNADGTWYLQVILEVASEEPAGLSCRVRHSSLGGQDIILYWGHHFSMNWIALVVIVPLVILIVLVLWFKKHCSYQDIL
P30519,MSAEVETSEGVDESEKKNSGALEKENQMRMADLSELLKEGTKEAHDRAENTQFVKDFLKGNIKKELFKLATTALYFTYSALEEEMERNKDHPAFAPLYFPMELHRKEALTKDMEYFFGENWEEQVQCPKAAQKYVERIHYIGQNEPELLVAHAYTRYMGDLSGGQVLKKVAQRALKLPSTGEGTQFYLFENVDNAQQFKQLYRARMNALDLNMKTKERIVEEANKAFEYNMQIFNELDQAGSTLARETLEDGFPVHDGKGDMRKCPFYAAEQDKGALEGSSCPFRTAMAVLRKPSLQFILAAGVALAAGLLAWYYM
P31513,MGKKVAIIGAGVSGLASIRSCLEEGLEPTCFEKSNDIGGLWKFSDHAEEGRASIYKSVFSNSSKEMMCFPDFPFPDDFPNFMHNSKIQEYIIAFAKEKNLLKYIQFKTFVSSVNKHPDFATTGQWDVTTERDGKKESAVFDAVMVCSGHHVYPNLPKESFPGLNHFKGKCFHSRDYKEPGVFNGKRVLVVGLGNSGCDIATELSRTAEQVMISSRSGSWVMSRVWDNGYPWDMLLVTRFGTFLKNNLPTAISDWLYVKQMNARFKHENYGLMPLNGVLRKEPVFNDELPASILCGIVSVKPNVKEFTETSAIFEDGTIFEGIDCVIFATGYSFAYPFLDESIIKSRNNEIILFKGVFPPLLEKSTIAVIGFVQSLGAAIPTVDLQSRWAAQVIKGTCTLPSMEDMMNDINEKMEKKRKWFGKSETIQTDYIVYMDELSSFIGAKPNIPWLFLTDPKLAMEVYFGPCSPYQFRLVGPGQWPGARNAILTQWDRSLKPMQTRVVGRLQKPCFFFHWLKLFAIPILLIAVFLVLT
P32189,MAASKKAVLGPLVGAVDQGTSSTRFLVFNSKTAELLSHHQVEIKQEFPREGWVEQDPKEILHSVYECIEKTCEKLGQLNIDISNIKAIGVSNQRETTVVWDKITGEPLYNAVVWLDLRTQSTVESLSKRIPGNNNFVKSKTGLPLSTYFSAVKLRWLLDNVRKVQKAVEEKRALFGTIDSWLIWSLTGGVNGGVHCTDVTNASRTMLFNIHSLEWDKQLCEFFGIPMEILPNVRSSSEIYGLMKISHSVKAGALEGVPISGCLGDQSAALVGQMCFQIGQAKNTYGTGCFLLCNTGHKCVFSDHGLLTTVAYKLGRDKPVYYALEGSVAIAGAVIRWLRDNLGIIKTSEEIEKLAKEVGTSYGCYFVPAFSGLYAPYWEPSARGIICGLTQFTNKCHIAFAALEAVCFQTREILDAMNRDCGIPLSHLQVDGGMTSNKILMQLQADILYIPVVKPSMPETTALGAAMAAGAAEGVGVWSLEPEDLSAVTMERFEPQINAEESEIRYSTWKKAVMKSMGWVTTQSPESGDPSIFCSLPLGFFIVSSMVMLIGARYISGIP
P32856,MRDRLPDLTACRKNDDGDTVVVVEKDHFMDDFFHQVEEIRNSIDKITQYVEEVKKNHSIILSAPNPEGKIKEELEDLNKEIKKTANKIRAKLKAIEQSFDQDESGNRTSVDLRIRRTQHSVLSRKFVEAMAEYNEAQTLFRERSKGRIQRQLEITGRTTTDDELEEMLESGKPSIFTSDIISDSQITRQALNEIESRHKDIMKLETSIRELHEMFMDMAMFVETQGEMINNIERNVMNATDYVEHAKEETKKAIKYQSKARRKKWIIIAVSVVLVAIIALIIGLSVGK
P34810,MRLAVLFSGALLGLLAAQGTGNDCPHKKSATLLPSFTVTPTVTESTGTTSHRTTKSHKTTTHRTTTTGTTSHGPTTATHNPTTTSHGNVTVHPTSNSTATSQGPSTATHSPATTSHGNATVHPTSNSTATSPGFTSSAHPEPPPPSPSPSPTSKETIGDYTWTNGSQPCVHLQAQIQIRVMYTTQGGGEAWGISVLNPNKTKVQGSCEGAHPHLLLSFPYGHLSFGFMQDLQQKVVYLSYMAVEYNVSFPHAAQWTFSAQNASLRDLQAPLGQSFSCSNSSIILSPAVHLDLLSLRLQAAQLPHTGVFGQSFSCPSDRSILLPLIIGLILLGLLALVLIAFCIIRRRPSAYQAL
P39656,MGYFRCARAGSFGRRRKMEPSTAARAWALFWLLLPLLGAVCASGPRTLVLLDNLNVRETHSLFFRSLKDRGFELTFKTADDPSLSLIKYGEFLYDNLIIFSPSVEDFGGNINVETISAFIDGGGSVLVAASSDIGDPLRELGSECGIEFDEEKTAVIDHHNYDISDLGQHTLIVADTENLLKAPTIVGKSSLNPILFRGVGMVADPDNPLVLDILTGSSTSYSFFPDKPITQYPHAVGKNTLLIAGLQARNNARVIFSGSLDFFSDSFFNSAVQKAAPGSQRYSQTGNYELAVALSRWVFKEEGVLRVGPVSHHRVGETAPPNAYTVTDLVEYSIVIQQLSNGKWVPFDGDDIQLEFVRIDPFVRTFLKKKGGKYSVQFKLPDVYGVFQFKVDYNRLGYTHLYSSTQVSVRPLQHTQYERFIPSAYPYYASAFSMMLGLFIFSIVFLHMKEKEKSD
P49326,MTKKRIAVIGGGVSGLSSIKCCVEEGLEPVCFERTDDIGGLWRFQENPEEGRASIYKSVIINTSKEMMCFSDYPIPDHYPNFMHNAQVLEYFRMYAKEFDLLKYIRFKTTVCSVKKQPDFATSGQWEVVTESEGKKEMNVFDGVMVCTGHHTNAHLPLESFPGIEKFKGQYFHSRDYKNPEGFTGKRVIIIGIGNSGGDLAVEISQTAKQVFLSTRRGAWILNRVGDYGYPADVLFSSRLTHFIWKICGQSLANKYLEKKINQRFDHEMFGLKPKHRALSQHPTLNDDLPNRIISGLVKVKGNVKEFTETAAIFEDGSREDDIDAVIFATGYSFDFPFLEDSVKVVKNKISLYKKVFPPNLERPTLAIIGLIQPLGAIMPISELQGRWATQVFKGLKTLPSQSEMMAEISKAQEEIDKRYVESQRHTIQGDYIDTMEELADLVGVRPNLLSLAFTDPKLALHLLLGPCTPIHYRVQGPGKWDGARKAILTTDDRIRKPLMTRVVERSSSMTSTMTIGKFMLALAFFAIIIAYF
P51571,MAAMASLGALALLLLSSLSRCSAEACLEPQITPSYYTTSDAVISTETVFIVEISLTCKNRVQNMALYADVGGKQFPVTRGQDVGRYQVSWSLDHKSAHAGTYEVRFFDEESYSLLRKAQRNNEDISIIPPLFTVSVDHRGTWNGPWVSTEVLAAAIGLVIYYLAFSAKSHIQA
P51648,MELEVRRVRQAFLSGRSRPLRFRLQQLEALRRMVQEREKDILTAIAADLCKSEFNVYSQEVITVLGEIDFMLENLPEWVTAKPVKKNVLTMLDEAYIQPQPLGVVLIIGAWNYPFVLTIQPLIGAIAAGNAVIIKPSELSENTAKILAKLLPQYLDQDLYIVINGGVEETTELLKQRFDHIFYTGNTAVGKIVMEAAAKHLTPVTLELGGKSPCYIDKDCDLDIVCRRITWGKYMNCGQTCIAPDYILCEASLQNQIVWKIKETVKEFYGENIKESPDYERIINLRHFKRILSLLEGQKIAFGGETDEATRYIAPTVLTDVDPKTKVMQEEIFGPILPIVPVKNVDEAINFINEREKPLALYVFSHNHKLIKRMIDETSSGGVTGNDVIMHFTLNSFPFGGVGSSGMGAYHGKHSFDTFSHQRPCLLKSLKREGANKLRYPPNSQSKVDWGKFFLLKRFNKEKLGLLLLTFLGIVAAVLVKAEYY
P53816,MRAPIPEPKPGDLIEIFRPFYRHWAIYVGDGYVVHLAPPSEVAGAGAASVMSALTDKAIVKKELLYDVAGSDKYQVNNKHDDKYSPLPCSKIIQRAEELVGQEVLYKLTSENCEHFVNELRYGVARSDQVRDVIIAASVAGMGLAAMSLIGVMFSRNKRQKQ
P54289,MAAGCLLALTLTLFQSLLIGPSSEEPFPSAVTIKSWVDKMQEDLVTLAKTASGVNQLVDIYEKYQDLYTVEPNNARQLVEIAARDIEKLLSNRSKALVRLALEAEKVQAAHQWREDFASNEVVYYNAKDDLDPEKNDSEPGSQRIKPVFIEDANFGRQISYQHAAVHIPTDIYEGSTIVLNELNWTSALDEVFKKNREEDPSLLWQVFGSATGLARYYPASPWVDNSRTPNKIDLYDVRRRPWYIQGAASPKDMLILVDVSGSVSGLTLKLIRTSVSEMLETLSDDDFVNVASFNSNAQDVSCFQHLVQANVRNKKVLKDAVNNITAKGITDYKKGFSFAFEQLLNYNVSRANCNKIIMLFTDGGEERAQEIFNKYNKDKKVRVFTFSVGQHNYDRGPIQWMACENKGYYYEIPSIGAIRINTQEYLDVLGRPMVLAGDKAKQVQWTNVYLDALELGLVITGTLPVFNITGQFENKTNLKNQLILGVMGVDVSLEDIKRLTPRFTLCPNGYYFAIDPNGYVLLHPNLQPKPIGVGIPTINLRKRRPNIQNPKSQEPVTLDFLDAELENDIKVEIRNKMIDGESGEKTFRTLVKSQDERYIDKGNRTYTWTPVNGTDYSLALVLPTYSFYYIKAKLEETITQARYSETLKPDNFEESGYTFIAPRDYCNDLKISDNNTEFLLNFNEFIDRKTPNNPSCNADLINRVLLDAGFTNELVQNYWSKQKNIKGVKARFVVTDGGITRVYPKEAGENWQENPETYEDSFYKRSLDNDNYVFTAPYFNKSGPGAYESGIMVSKAVEIYIQGKLLKPAVVGIKIDVNSWIENFTKTSIRDPCAGPVCDCKRNSDVMDCVILDDGGFLLMANHDDYTNQIGRFFGEIDPSLMRHLVNISVYAFNKSYDYQSVCEPGAAPKQGAGHRSAYVPSVADILQIGWWATAAAWSILQQFLLSLTFPRLLEAVEMEDDDFTASLSKQSCITEQTQYFFDNDSKSFSGVLDCGNCSRIFHGEKLMNTNLIFIMVESKGTCPCDTRLLIQAEQTSDGPNPCDMVKQPRYRKGPDVCFDNNVLEDYTDCGGVSGLNPSLWYIIGIQFLLLWLVSGSTHRLL
P57105,MNGRVDYLVTEEEINLTRGPSGLGFNIVGGTDQQYVSNDSGIYVSRIKENGAAALDGRLQEGDKILSVNGQDLKNLLHQDAVDLFRNAGYAVSLRVQHRLQVQNGPIGHRGEGDPSGIPIFMVLVPVFALTMVAAWAFMRYRQQL
P59773,MDLSVLPNNNHPDKFLQLDVKSLTRSSALLQASLVRFPGGNYPAAQHWQNLVYSQREKKNIAAQRIRGSSADSLVTADSPPPSMSSVMKNNPLYGDLSLEEAMEERKKNPSWTIEEYDKHSLHTNLSGHLKENPNDLRFWLGDMYTPGFDTLLKKEEKQEKHSKFCRMGLILLVVISILVTIVTIITFFT
P61266,MKDRTQELRSAKDSDDEEEVVHVDRDHFMDEFFEQVEEIRGCIEKLSEDVEQVKKQHSAILAAPNPDEKTKQELEDLTADIKKTANKVRSKLKAIEQSIEQEEGLNRSSADLRIRKTQHSTLSRKFVEVMTEYNATQSKYRDRCKDRIQRQLEITGRTTTNEELEDMLESGKLAIFTDDIKMDSQMTKQALNEIETRHNEIIKLETSIRELHDMFVDMAMLVESQGEMIDRIEYNVEHSVDYVERAVSDTKKAVKYQSKARRKKIMIIICCVVLGVVLASSIGGTLGL
Q01740,MAKRVAIVGAGVSGLASIKCCLEEGLEPTCFERSDDLGGLWRFTEHVEEGRASLYKSVVSNSCKEMSCYSDFPFPEDYPNYVPNSQFLEYLKMYANHFDLLKHIQFKTKVCSVTKCSDSAVSGQWEVVTMHEEKQESAIFDAVMVCTGFLTNPYLPLDSFPGINAFKGQYFHSRQYKHPDIFKDKRVLVIGMGNSGTDIAVEASHLAEKVFLSTTGGGWVISRIFDSGYPWDMVFMTRFQNMLRNSLPTPIVTWLMERKINNWLNHANYGLIPEDRTQLKEFVLNDELPGRIITGKVFIRPSIKEVKENSVIFNNTSKEEPIDIIVFATGYTFAFPFLDESVVKVEDGQASLYKYIFPAHLQKPTLAIIGLIKPLGSMIPTGETQARWAVRVLKGVNKLPPPSVMIEEINARKENKPSWFGLCYCKALQSDYITYIDELLTYINAKPNLFSMLLTDPHLALTVFFGPCSPYQFRLTGPGKWEGARNAIMTQWDRTFKVIKARVVQESPSPFESFLKVFSFLALLVAIFLIFL
Q05996,MACRQRGGSWSPSGWFNAGWSTYRSISLFFALVTSGNSIDVSQLVNPAFPGTVTCDEREITVEFPSSPGTKKWHASVVDPLGLDMPNCTYILDPEKLTLRATYDNCTRRVHGGHQMTIRVMNNSAALRHGAVMYQFFCPAMQVEETQGLSASTICQKDFMSFSLPRVFSGLADDSKGTKVQMGWSIEVGDGARAKTLTLPEAMKEGFSLLIDNHRMTFHVPFNATGVTHYVQGNSHLYMVSLKLTFISPGQKVIFSSQAICAPDPVTCNATHMTLTIPEFPGKLKSVSFENQNIDVSQLHDNGIDLEATNGMKLHFSKTLLKTKLSEKCLLHQFYLASLKLTFLLRPETVSMVIYPECLCESPVSIVTGELCTQDGFMDVEVYSYQTQPALDLGTLRVGNSSCQPVFEAQSQGLVRFHIPLNGCGTRYKFEDDKVVYENEIHALWTDFPPSKISRDSEFRMTVKCSYSRNDMLLNINVESLTPPVASVKLGPFTLILQSYPDNSYQQPYGENEYPLVRFLRQPIYMEVRVLNRDDPNIKLVLDDCWATSTMDPDSFPQWNVVVDGCAYDLDNYQTTFHPVGSSVTHPDHYQRFDMKAFAFVSEAHVLSSLVYFHCSALICNRLSPDSPLCSVTCPVSSRHRRATGATEAEKMTVSLPGPILLLSDDSSFRGVGSSDLKASGSSGEKSRSETGEEVGSRGAMDTKGHKTAGDVGSKAVAAVAAFAGVVATLGFIYYLYEKRTVSNH
Q07812,MDGSGEQPRGGGPTSSEQIMKTGALLLQGFIQDRAGRMGGEAPELALDPVPQDASTKKLSECLKRIGDELDSNMELQRMIAAVDTDSPREVFFRVAADMFSDGNFNWGRVVALFYFASKLVLKALCTKVPELIRTIMGWTLDFLRERLLGWIQDQGGWDGLLSYFGTPTWQTVTIFVAGVLTASLTIWKKMG
Q07817,MSQSNRELVVDFLSYKLSQKGYSWSQFSDVEENRTEAPEGTESEMETPSAINGNPSWHLADSPAVNGATGHSSSLDAREVIPMAAVKQALREAGDEFELRYRRAFSDLTSQLHITPGTAYQSFEQVVNELFRDGVNWGRIVAFFSFGGALCVESVDKEMQVLVSRIAAWMATYLNDHLEPWIQENGGWDTFVELYGNNAAAESRKGQERFNRWFLTGMTVAGVVLLGSLFSRK
Q07820,MFGLKRNAVIGLNLYCGGAGLGAGSGGATRPGGRLLATEKEASARREIGGGEAGAVIGGSAGASPPSTLTPDSRRVARPPPIGAEVPDVTATPARLLFFAPTRRAAPLEEMEAPAADAIMSPEEELDGYEPEPLGKRPAVLPLLELVGESGNNTSTDGSLPSTPPPAEEEEDELYRQSLEIISRYLREQATGAKDTKPMGRSGATSRKALETLRRVGDGVQRNHETAFQGMLRKLDIKNEDDVKSLSRVMIHVFSDGVTNWGRIVTLISFGAFVAKHLKTINQESCIEPLAESITDVLVRTKRDWLVKQRGWDGFVEFFHVEDLEGGIRNVLLAFAGVAGVGAGLAYLIR
Q12846,MRDRTHELRQGDDSSDEEDKERVALVVHPGTARLGSPDEEFFHKVRTIRQTIVKLGNKVQELEKQQVTILATPLPEESMKQELQNLRDEIKQLGREIRLQLKAIEPQKEEADENYNSVNTRMRKTQHGVLSQQFVELINKCNSMQSEYREKNVERIRRQLKITNAGMVSDEELEQMLDSGQSEVFVSNILKDTQVTRQALNEISARHSEIQQLERSIRELHDIFTFLATEVEMQGEMINRIEKNILSSADYVERGQEHVKTALENQKKARKKKVLIAICVSITVVLLAVIIGVTVVG
Q12981,MAAPQDVHVRICNQEIVKFDLEVKALIQDIRDCSGPLSALTELNTKVKEKFQQLRHRIQDLEQLAKEQDKESEKQLLLQEVENHKKQMLSNQASWRKANLTCKIAIDNLEKAELLQGGDLLRQRKTTKESLAQTSSTITESLMGISRMMAQQVQQSEEAMQSLVTSSRTILDANEEFKSMSGTIQLGRKLITKYNRRELTDKLLIFLALALFLATVLYIVKKRLFPFL
Q12983,MSQNGAPGMQEESLQGSWVELHFSNNGNGGSVPASVSIYNGDMEKILLDAQHESGRSSSKSSHCDSPPRSQTPQDTNRASETDTHSIGEKNSSQSEEDDIERRKEVESILKKNSDWIWDWSSRPENIPPKEFLFKHPKRTATLSMRNTSVMKKGGIFSAEFLKVFLPSLLLSHLLAIGLGIYIGRRLTTSTSTF
Q13190,MIPRKRYGSKNTDQGVYLGLSKTQVLSPATAGSSSSDIAPLPPPVTLVPPPPDTMSCRDRTQEFLSACKSLQTRQNGIQTNKPALRAVRQRSEFTLMAKRIGKDLSNTFAKLEKLTILAKRKSLFDDKAVEIEELTYIIKQDINSLNKQIAQLQDFVRAKGSQSGRHLQTHSNTIVVSLQSKLASMSNDFKSVLEVRTENLKQQRSRREQFSRAPVSALPLAPNHLGGGAVVLGAESHASKDVAIDMMDSRTSQQLQLIDEQDSYIQSRADTMQNIESTIVELGSIFQQLAHMVKEQEETIQRIDENVLGAQLDVEAAHSEILKYFQSVTSNRWLMVKIFLILIVFFIIFVVFLA
Q13277,MKDRLEQLKAKQLTQDDDTDAVEIAIDNTAFMDEFFSEIEETRLNIDKISEHVEEAKKLYSIILSAPIPEPKTKDDLEQLTTEIKKRANNVRNKLKSMEKHIEEDEVRSSADLRIRKSQHSVLSRKFVEVMTKYNEAQVDFRERSKGRIQRQLEITGKKTTDEELEEMLESGNPAIFTSGIIDSQISKQALSEIEGRHKDIVRLESSIKELHDMFMDIAMLVENQGEMLDNIELNVMHTVDHVEKARDETKKAVKYQSQARKKLIIIIVLVVVLLGILALIIGLSVGLN
Q13323,MSEVRPLSRDILMETLLYEQLLEPPTMEVLGMTDSEEDLDPMEDFDSLECMEGSDALALRLACIGDEMDVSLRAPRLAQLSEVAMHSLGLAFIYDQTEDIRDVLRSFMDGFTTLKENIMRFWRSPNPGSWVSCEQVLLALLLLLALLLPLLSGGLHLLLK
Q14165,MLGAWAVEGTAVALLRLLLLLLPPAIRGPGLGVAGVAGAAGAGLPESVIWAVNAGGEAHVDVHGIHFRKDPLEGRVGRASDYGMKLPILRSNPEDQILYQTERYNEETFGYEVPIKEEGDYVLVLKFAEVYFAQSQQKVFDVRLNGHVVVKDLDIFDRVGHSTAHDEIIPMSIRKGKLSVQGEVSTFTGKLYIEFVKGYYDNPKVCALYIMAGTVDDVPKLQPHPGLEKKEEEEEEEEYDEGSNLKKQTNKNRVQSGPRTPNPYASDNSSLMFPILVAFGVFIPTLFCLCRL
Q14318,MASCAEPSEPSAPLPAGVPPLEDFEVLDGVEDAEGEEEEEEEEEEEDDLSELPPLEDMGQPPAEEAEQPGALAREFLAAMEPEPAPAPAPEEWLDILGNGLLRKKTLVPGPPGSSRPVKGQVVTVHLQTSLENGTRVQEEPELVFTLGDCDVIQALDLSVPLMDVGETAMVTADSKYCYGPQGRSPYIPPHAALCLEVTLKTAVDGPDLEMLTGQERVALANRKRECGNAHYQRADFVLAANSYDLAIKAITSSAKVDMTFEEEAQLLQLKVKCLNNLAASQLKLDHYRAALRSCSLVLEHQPDNIKALFRKGKVLAQQGEYSEAIPILRAALKLEPSNKTIHAELSKLVKKHAAQRSTETALYRKMLGNPSRLPAKCPGKGAWSIPWKWLFGATAVALGGVALSVVIAARN
Q14410,MAAPKTAAVGPLVGAVVQGTNSTRFLVFNSKTAELLSHHKVELTQEFPKEGWVEQDPKEILQSVYECIARTCEKLDELNIDISNIKAVGVSNQRETTVIWDKLTGEPLYNAVVWLDLRTQTTVEDLSKKIPGNSNFVKSKTGLPLSTYFSAVKLRWMLDNVRNVQKAVEEGRALFGTIDSWLIWSLTGGVNGGVHCTDVTNASRTMLFNIHSLEWDKELCDFFEIPMDLLPNVFSSSEIYGLIKTGALEGVPISGCLGDQCAALVGQMCFQEGQAKNTYGTGCFLLCNTGRKCVFSEHGLLTTVAYKLGREKPAYYALEGSVAIAGAVIRWLRDNLGIIETSGDIERLAKEVGTSYGCYFVPAFSGLYAPYWEPSARGILCGLTQFTNKCHIAFAALEAVCFQTREILEAMNRDCGIPLRHLQVDGGMTNNKVLMQLQADILHIPVIKPFMPETTALGAAMAAGAAEGVSVWSLEPQALSVLRMERFEPQIQATESEIRYATWKKAVMKSMGWVTSQSPEGGDPSIFSSLPLGFFIVSSMVMLIGARYISGVP
Q14773,MGSLFPLSLLFFLAAAYPGVGSALGRRTKRAQSPKGSPLAPSGTSVPFWVRMSPEFVAVQPGKSVQLNCSNSCPQPQNSSLRTPLRQGKTLRGPGWVSYQLLDVRAWSSLAHCLVTCAGKTRWATSRITAYKPPHSVILEPPVLKGRKYTLRCHVTQVFPVGYLVVTLRHGSRVIYSESLERFTGLDLANVTLTYEFAAGPRDFWQPVICHARLNLDGLVVRNSSAPITLMLAWSPAPTALASGSIAALVGILLTVGAAYLCKCLAMKSQA
Q14789,MLSRLSGLANVVLHELSGDDDTDQNMRAPLDPELHQESDMEFNNTTQEDVQERLAYAEQLVVELKDIIRQKDVQLQQKDEALQEERKAADNKIKKLKLHAKAKLTSLNKYIEEMKAQGGTVLPTEPQSEEQLSKHDKSSTEEEMEIEKIKHKLQEKEELISTLQAQLTQAQAEQPAQSSTEMEEFVMMKQQLQEKEEFISTLQAQLSQTQAEQAAQQVVREKDARFETQVRLHEDELLQLVTQADVETEMQQKLRVLQRKLEEHEESLVGRAQVVDLLQQELTAAEQRNQILSQQLQQMEAEHNTLRNTVETEREESKILLEKMELEVAERKLSFHNLQEEMHHLLEQFEQAGQAQAELESRYSALEQKHKAEMEEKTSHILSLQKTGQELQSACDALKDQNSKLLQDKNEQAVQSAQTIQQLEDQLQQKSKEISQFLNRLPLQQHETASQTSFPDVYNEGTQAVTEENIASLQKRVVELENEKGALLLSSIELEELKAENEKLSSQITLLEAQNRTGEADREVSEISIVDIANKRSSSAEESGQDVLENTFSQKHKELSVLLLEMKEAQEEIAFLKLQLQGKRAEEADHEVLDQKEMKQMEGEGIAPIKMKVFLEDTGQDFPLMPNEESSLPAVEKEQASTEHQSRTSEEISLNDAGVELKSTKQDGDKSLSAVPDIGQCHQDELERLKSQILELELNFHKAQEIYEKNLDEKAKEISNLNQLIEEFKKNADNNSSAFTALSEERDQLLSQVKELSMVTELRAQVKQLEMNLAEAERQRRLDYESQTAHDNLLTEQIHSLSIEAKSKDVKIEVLQNELDDVQLQFSEQSTLIRSLQSQLQNKESEVLEGAERVRHISSKVEELSQALSQKELEITKMDQLLLEKKRDVETLQQTIEEKDQQVTEISFSMTEKMVQLNEEKFSLGVEIKTLKEQLNLLSRAEEAKKEQVEEDNEVSSGLKQNYDEMSPAGQISKEELQHEFDLLKKENEQRKRKLQAALINRKELLQRVSRLEEELANLKDESKKEIPLSETERGEVEEDKENKEYSEKCVTSKCQEIEIYLKQTISEKEVELQHIRKDLEEKLAAEEQFQALVKQMNQTLQDKTNQIDLLQAEISENQAIIQKLITSNTDASDGDSVALVKETVVISPPCTGSSEHWKPELEEKILALEKEKEQLQKKLQEALTSRKAILKKAQEKERHLREELKQQKDDYNRLQEQFDEQSKENENIGDQLRQLQIQVRESIDGKLPSTDQQESCSSTPGLEEPLFKATEQHHTQPVLESNLCPDWPSHSEDASALQGGTSVAQIKAQLKEIEAEKVELELKVSSTTSELTKKSEEVFQLQEQINKQGLEIESLKTVSHEAEVHAESLQQKLESSQLQIAGLEHLRELQPKLDELQKLISKKEEDVSYLSGQLSEKEAALTKIQTEIIEQEDLIKALHTQLEMQAKEHDERIKQLQVELCEMKQKPEEIGEESRAKQQIQRKLQAALISRKEALKENKSLQEELSLARGTIERLTKSLADVESQVSAQNKEKDTVLGRLALLQEERDKLITEMDRSLLENQSLSSSCESLKLALEGLTEDKEKLVKEIESLKSSKIAESTEWQEKHKELQKEYEILLQSYENVSNEAERIQHVVEAVRQEKQELYGKLRSTEANKKETEKQLQEAEQEMEEMKEKMRKFAKSKQQKILELEEENDRLRAEVHPAGDTAKECMETLLSSNASMKEELERVKMEYETLSKKFQSLMSEKDSLSEEVQDLKHQIEGNVSKQANLEATEKHDNQTNVTEEGTQSIPGETEEQDSLSMSTRPTCSESVPSAKSANPAVSKDFSSHDEINNYLQQIDQLKERIAGLEEEKQKNKEFSQTLENEKNTLLSQISTKDGELKMLQEEVTKMNLLNQQIQEELSRVTKLKETAEEEKDDLEERLMNQLAELNGSIGNYCQDVTDAQIKNELLESEMKNLKKCVSELEEEKQQLVKEKTKVESEIRKEYLEKIQGAQKEPGNKSHAKELQELLKEKQQEVKQLQKDCIRYQEKISALERTVKALEFVQTESQKDLEITKENLAQAVEHRKKAQAELASFKVLLDDTQSEAARVLADNLKLKKELQSNKESVKSQMKQKDEDLERRLEQAEEKHLKEKKNMQEKLDALRREKVHLEETIGEIQVTLNKKDKEVQQLQENLDSTVTQLAAFTKSMSSLQDDRDRVIDEAKKWERKFSDAIQSKEEEIRLKEDNCSVLKDQLRQMSIHMEELKINISRLEHDKQIWESKAQTEVQLQQKVCDTLQGENKELLSQLEETRHLYHSSQNELAKLESELKSLKDQLTDLSNSLEKCKEQKGNLEGIIRQQEADIQNSKFSYEQLETDLQASRELTSRLHEEINMKEQKIISLLSGKEEAIQVAIAELRQQHDKEIKELENLLSQEEEENIVLEEENKKAVDKTNQLMETLKTIKKENIQQKAQLDSFVKSMSSLQNDRDRIVGDYQQLEERHLSIILEKDQLIQEAAAENNKLKEEIRGLRSHMDDLNSENAKLDAELIQYREDLNQVITIKDSQQKQLLEVQLQQNKELENKYAKLEEKLKESEEANEDLRRSFNALQEEKQDLSKEIESLKVSISQLTRQVTALQEEGTLGLYHAQLKVKEEEVHRLSALFSSSQKRIAELEEELVCVQKEAAKKVGEIEDKLKKELKHLHHDAGIMRNETETAEERVAELARDLVEMEQKLLMVTKENKGLTAQIQSFGRSMSSLQNSRDHANEELDELKRKYDASLKELAQLKEQGLLNRERDALLSETAFSMNSTEENSLSHLEKLNQQLLSKDEQLLHLSSQLEDSYNQVQSFSKAMASLQNERDHLWNELEKFRKSEEGKQRSAAQPSTSPAEVQSLKKAMSSLQNDRDRLLKELKNLQQQYLQINQEITELHPLKAQLQEYQDKTKAFQIMQEELRQENLSWQHELHQLRMEKSSWEIHERRMKEQYLMAISDKDQQLSHLQNLIRELRSSSSQTQPLKVQYQRQASPETSASPDGSQNLVYETELLRTQLNDSLKEIHQKELRIQQLNSNFSQLLEEKNTLSIQLCDTSQSLRENQQHYGDLLNHCAVLEKQVQELQAGPLNIDVAPGAPQEKNGVHRKSDPEELREPQQSFSEAQQQLCNTRQEVNELRKLLEEERDQRVAAENALSVAEEQIRRLEHSEWDSSRTPIIGSCGTQEQALLIDLTSNSCRRTRSGVGWKRVLRSLCHSRTRVPLLAAIYFLMIHVLLILCFTGHL
Q14CN2,MGLFRGFVFLLVLCLLHQSNTSFIKLNNNGFEDIVIVIDPSVPEDEKIIEQIEDMVTTASTYLFEATEKRFFFKNVSILIPENWKENPQYKRPKHENHKHADVIVAPPTLPGRDEPYTKQFTECGEKGEYIHFTPDLLLGKKQNEYGPPGKLFVHEWAHLRWGVFDEYNEDQPFYRAKSKKIEATRCSAGISGRNRVYKCQGGSCLSRACRIDSTTKLYGKDCQFFPDKVQTEKASIMFMQSIDSVVEFCNEKTHNQEAPSLQNIKCNFRSTWEVISNSEDFKNTIPMVTPPPPPVFSLLKISQRIVCLVLDKSGSMGGKDRLNRMNQAAKHFLLQTVENGSWVGMVHFDSTATIVNKLIQIKSSDERNTLMAGLPTYPLGGTSICSGIKYAFQVIGELHSQLDGSEVLLLTDGEDNTASSCIDEVKQSGAIVHFIALGRAADEAVIEMSKITGGSHFYVSDEAQNNGLIDAFGALTSGNTDLSQKSLQLESKGLTLNSNAWMNDTVIIDSTVGKDTFFLITWNSLPPSISLWDPSGTIMENFTVDATSKMAYLSIPGTAKVGTWAYNLQAKANPETLTITVTSRAANSSVPPITVNAKMNKDVNSFPSPMIVYAEILQGYVPVLGANVTAFIESQNGHTEVLELLDNGAGADSFKNDGVYSRYFTAYTENGRYSLKVRAHGGANTARLKLRPPLNRAAYIPGWVVNGEIEANPPRPEIDEDTQTTLEDFSRTASGGAFVVSQVPSLPLPDQYPPSQITDLDATVHEDKIILTWTAPGDNFDVGKVQRYIIRISASILDLRDSFDDALQVNTTDLSPKEANSKESFAFKPENISEENATHIFIAIKSIDKSNLTSKVSNIAQVTLFIPQANPDDIDPTPTPTPTPTPDKSHNSGVNISTLVLSVIGSVVIVNFILSTTI
Q16611,MASGQGPGPPRQECGEPALPSASEEQVAQDTEEVFRSYVFYRHQQEQEAEGVAAPADPEMVTLPLQPSSTMGQVGRQLAIIGDDINRRYDSEFQTMLQHLQPTAENAYEYFTKIATSLFESGINWGRVVALLGFGYRLALHVYQHGLTGFLGQVTRFVVDFMLHHCIARWIAQRGGWVAALNLGNGPILNVLVVLGVVLLGQFVVRRFFKS
Q16623,MKDRTQELRTAKDSDDDDDVAVTVDRDRFMDEFFEQVEEIRGFIDKIAENVEEVKRKHSAILASPNPDEKTKEELEELMSDIKKTANKVRSKLKSIEQSIEQEEGLNRSSADLRIRKTQHSTLSRKFVEVMSEYNATQSDYRERCKGRIQRQLEITGRTTTSEELEDMLESGNPAIFASGIIMDSSISKQALSEIETRHSEIIKLENSIRELHDMFMDMAMLVESQGEMIDRIEYNVEHAVDYVERAVSDTKKAVKYQSKARRKKIMIIICCVILGIVIASTVGGIFA
Q16651,MAQKGVLGPGQLGAVAILLYLGLLRSGTGAEGAEAPCGVAPQARITGGSSAVAGQWPWQVSITYEGVHVCGGSLVSEQWVLSAAHCFPSEHHKEAYEVKLGAHQLDSYSEDAKVSTLKDIIPHPSYLQEGSQGDIALLQLSRPITFSRYIRPICLPAANASFPNGLHCTVTGWGHVAPSVSLLTPKPLQQLEVPLISRETCNCLYNIDAKPEEPHFVQEDMVCAGYVEGGKDACQGDSGGPLSCPVEGLWYLTGIVSWGDACGARNRPGVYTLASSYASWIQSKVTELQPRVVPQTQESQPDSNLCGSHLAFSSAPAQGLLRPILFLPLGLALGLLSPWLSEH
Q16819,MAWIRSTCILFFTLLFAHIAAVPIKYLPEENVHDADFGEQKDISEINLAAGLDLFQGDILLQKSRNGLRDPNTRWTFPIPYILADNLGLNAKGAILYAFEMFRLKSCVDFKPYEGESSYIIFQQFDGCWSEVGDQHVGQNISIGQGCAYKAIIEHEILHALGFYHEQSRTDRDDYVNIWWDQILSGYQHNFDTYDDSLITDLNTPYDYESLMHYQPFSFNKNASVPTITAKIPEFNSIIGQRLDFSAIDLERLNRMYNCTTTHTLLDHCTFEKANICGMIQGTRDDTDWAHQDSAQAGEVDHTLLGQCTGAGYFMQFSTSSGSAEEAALLESRILYPKRKQQCLQFFYKMTGSPSDRLVVWVRRDDSTGNVRKLVKVQTFQGDDDHNWKIAHVVLKEEQKFRYLFQGTKGDPQNSTGGIYLDDITLTETPCPTGVWTVRNFSQVLENTSKGDKLQSPRFYNSEGYGFGVTLYPNSRESSGYLRLAFHVCSGENDAILEWPVENRQVIITILDQEPDVRNRMSSSMVFTTSKSHTSPAINDTVIWDRPSRVGTYHTDCNCFRSIDLGWSGFISHQMLKRRSFLKNDDLIIFVDFEDITHLSQTEVPTKGKRLSPQGLILQGQEQQVSEEGSGKAMLEEALPVSLSQGQPSRQKRSVENTGPLEDHNWPQYFRDPCDPNPCQNDGICVNVKGMASCRCISGHAFFYTGERCQAVQVHGSVLGMVIGGTAGVIFLTFSIIAILSQRPRK
Q3KNT9,MWRLALGGVFLAAAQACVFCRLPAHDLSGRLARLCSQMEARQKECGASPDFSAFALDEVSMNKVTEKTHRVLRVMEIKEAVSSLPSYWSWLRKTKLPEYTREALCPPACRGSTTLYNCSTCKGTEVSCWPRKRCFPGSQDLWEAKILLLSIFGAFLLLGVLSLLVESHHLQAKSGL
Q3KP22,MSLKPFTYPFPETRFLHAGPNVYKFKIRYGKSIRGEEIENKEVITQELEVPVEKKAVGAVMRKRKHMDEPSSPSRPGLDRAKIGTSSQGPSKKKPPVETRRNRERKTQQGLQETLASDITDVQKQDSEWGHSLPGRIVPPLQHNSPPPKERAATGFFGFLSSLFPFRYFFRKSSHS
Q53EP0,MYVTMMMTDQIPLELPPLLNGEVAMMPHLVNGDAAQQVILVQVNPGETFTIRAEDGTLQCIQGPAEVPMMSPNGSIPPIHVPPGYISQVIEDSTGVRRVVVTPQSPECYPPSYPSAMSPTHHLPPYLTHHPHFIHNSHTAYYPPVTGPGDMPPQFFPQHHLPHTIYGEQEIIPFYGMSTYITREDQYSKPPHKKLKDRQIDRQNRLNSPPSSIYKSSCTTVYNGYGKGHSGGSGGGGSGSGPGIKKTERRARSSPKSNDSDLQEYELEVKRVQDILSGIEKPQVSNIQARAVVLSWAPPVGLSCGPHSGLSFPYSYEVALSDKGRDGKYKIIYSGEELECNLKDLRPATDYHVRVYAMYNSVKGSCSEPVSFTTHSCAPECPFPPKLAHRSKSSLTLQWKAPIDNGSKITNYLLEWDEGKRNSGFRQCFFGSQKHCKLTKLCPAMGYTFRLAARNDIGTSGYSQEVVCYTLGNIPQMPSAPRLVRAGITWVTLQWSKPEGCSPEEVITYTLEIQEDENDNLFHPKYTGEDLTCTVKNLKRSTQYKFRLTASNTEGKSCPSEVLVCTTSPDRPGPPTRPLVKGPVTSHGFSVKWDPPKDNGGSEILKYLLEITDGNSEANQWEVAYSGSATEYTFTHLKPGTLYKLRACCISTGGHSQCSESLPVRTLSIAPGQCRPPRVLGRPKHKEVHLEWDVPASESGCEVSEYSVEMTEPEDVASEVYHGPELECTVGNLLPGTVYRFRVRALNDGGYGPYSDVSEITTAAGPPGQCKAPCISCTPDGCVLVGWESPDSSGADISEYRLEWGEDEESLELIYHGTDTRFEIRDLLPAAQYCCRLQAFNQAGAGPYSELVLCQTPASAPDPVSTLCVLEEEPLDAYPDSPSACLVLNWEEPCNNGSEILAYTIDLGDTSITVGNTTMHVMKDLLPETTYRIRIQAINEIGAGPFSQFIKAKTRPLPPLPPRLECAAAGPQSLKLKWGDSNSKTHAAEDIVYTLQLEDRNKRFISIYRGPSHTYKVQRLTEFTCYSFRIQAASEAGEGPFSETYTFSTTKSVPPTIKAPRVTQLEGNSCEILWETVPSMKGDPVNYILQVLVGRESEYKQVYKGEEATFQISGLQTNTDYRFRVCACRRCLDTSQELSGAFSPSAAFVLQRSEVMLTGDMGSLDDPKMKSMMPTDEQFAAIIVLGFATLSILFAFILQYFLMK
Q5QGT7,MCTSLTTCEWKKVFYEKMEVAKPADSWELIIDPNLKPSELAPGWKQYLEQHASGRFHCSWCWHTWQSAHVVILFHMFLDRAQRAGSVRMRVFKQLCYECGTARLDESSMLEENIEGLVDNLITSLREQCYEEDGGQYRIHVASRPDSGPHRAEFCEACQEGIVHWKPSEKLLEEEVTTYTSEASKPRAQAGSGYNFLSLRWCLFWASLCLLVVYLQFSFLSPAFF
Q5T8D3,MFQFHAGSWESWCCCCLIPADRPWDRGQHWQLEMADTRSVHETRFEAAVKVIQSLPKNGSFQPTNEMMLKFYSFYKQATEGPCKLSRPGFWDPIGRYKWDAWSSLGDMTKEEAMIAYVEEMKKIIETMPMTEKVEELLRVIGPFYEIVEDKKSGRSSDITSVRLEKISKCLEDLGNVLTSTPNAKTVNGKAESSDSGAESEEEEAQEEVKGAEQSDNDKKMMKKSADHKNLEVIVTNGYDKDGFVQDIQNDIHASSSLNGRSTEEVKPIDENLGQTGKSAVCIHQDINDDHVEDVTGIQHLTSDSDSEVYCDSMEQFGQEESLDSFTSNNGPFQYYLGGHSSQPMENSGFREDIQVPPGNGNIGNMQVVAVEGKGEVKHGGEDGRNNSGAPHREKRGGETDEFSNVRRGRGHRMQHLSEGTKGRQVGSGGDGERWGSDRGSRGSLNEQIALVLMRLQEDMQNVLQRLQKLETLTALQAKSSTSTLQTAPQPTSQRPSWWPFEMSPGVLTFAIIWPFIAQWLVYLYYQRRRRKLN
Q5VV42,MPSASCDTLLDDIEDIVSQEDSKPQDRHFVRKDVVPKVRRRNTQKYLQEEENSPPSDSTIPGIQKIWIRTWGCSHNNSDGEYMAGQLAAYGYKITENASDADLWLLNSCTVKNPAEDHFRNSIKKAQEENKKIVLAGCVPQAQPRQDYLKGLSIIGVQQIDRVVEVVEETIKGHSVRLLGQKKDNGRRLGGARLDLPKIRKNPLIEIISINTGCLNACTYCKTKHARGNLASYPIDELVDRAKQSFQEGVCEIWLTSEDTGAYGRDIGTNLPTLLWKLVEVIPEGAMLRLGMTNPPYILEHLEEMAKILNHPRVYAFLHIPVQSASDSVLMEMKREYCVADFKRVVDFLKEKVPGITIATDIICGFPGETDQDFQETVKLVEEYKFPSLFINQFYPRPGTPAAKMEQVPAQVKKQRTKDLSRVFHSYSPYDHKIGERQQVLVTEESFDSKFYVAHNQFYEQVLVPKNPAFMGKMVEVDIYESGKHFMKGQPVSDAKVYTPSISKPLAKGEVSGLTKDFRNGLGNQLSSGSHTSAASQCDSASSRMVLPMPRLHQDCALRMSVGLALLGLLFAFFVKVYN
Q68G75,MVDVKCLSDCKLQNQLEKLGFSPGPILPSTRKLYEKKLVQLLVSPPCAPPVMNGPRELDGAQDSDDSEELNIILQGNIILSTEKSKKLKKWPEASTTKRKAVDTYCLDYKPSKGRRWAARAPSTRITYGTITKERDYCAEDQTIESWREEGFPVGLKLAVLGIFIIVVFVYLTVENKSLFG
Q6NUS6,MRTPQLALLQVFFLVFPDGVRPQPSSSPSGAVPTSLELQRGTDGGTLQSPSEATATRPAVPGLPTVVPTLVTPSAPGNRTVDLFPVLPICVCDLTPGACDINCCCDRDCYLLHPRTVFSFCLPGSVRSSSWVCVDNSVIFRSNSPFPSRVFMDSNGIRQFCVHVNNSNLNYFQKLQKVNATNFQALAAEFGGESFTSTFQTQSPPSFYRAGDPILTYFPKWSVISLLRQPAGVGAGGLCAESNPAGFLESKSTTCTRFFKNLASSCTLDSALNAASYYNFTVLKVPRSMTDPQNMEFQVPVILTSQANAPLLAGNTCQNVVSQVTYEIETNGTFGIQKVSVSLGQTNLTVEPGASLQQHFILRFRAFQQSTAASLTSPRSGNPGYIVGKPLLALTDDISYSMTLLQSQGNGSCSVKRHEVQFGVNAISGCKLRLKKADCSHLQQEIYQTLHGRPRPEYVAIFGNADPAQKGGWTRILNRHCSISAINCTSCCLIPVSLEIQVLWAYVGLLSNPQAHVSGVRFLYQCQSIQDSQQVTEVSLTTLVNFVDITQKPQPPRGQPKMDWKWPFDFFPFKVAFSRGVFSQKCSVSPILILCLLLLGVLNLETM
Q6UVY6,MCCWPLLLLWGLLPGTAAGGSGRTYPHRTLLDSEGKYWLGWSQRGSQIAFRLQVRTAGYVGFGFSPTGAMASADIVVGGVAHGRPYLQDYFTNANRELKKDAQQDYHLEYAMENSTHTIIEFTRELHTCDINDKSITDSTVRVIWAYHHEDAGEAGPKYHDSNRGTKSLRLLNPEKTSVLSTALPYFDLVNQDVPIPNKDTTYWCQMFKIPVFQEKHHVIKVEPVIQRGHESLVHHILLYQCSNNFNDSVLESGHECYHPNMPDAFLTCETVIFAWAIGGEGFSYPPHVGLSLGTPLDPHYVLLEVHYDNPTYEEGLIDNSGLRLFYTMDIRKYDAGVIEAGLWVSLFHTIPPGMPEFQSEGHCTLECLEEALEAEKPSGIHVFAVLLHAHLAGRGIRLRHFRKGKEMKLLAYDDDFDFNFQEFQYLKEEQTILPGDNLITECRYNTKDRAEMTWGGLSTRSEMCLSYLLYYPRINLTRCASIPDIMEQLQFIGVKEIYRPVTTWPFIIKSPKQYKNLSFMDAMNKFKWTKKEGLSFNKLVLSLPVNVRCSKTDNAEWSIQGMTALPPDIERPYKAEPLVCGTSSSSSLHRDFSINLLVCLLLLSCTLSTKSL
Q6UW56,MAPHDPGSLTTLVPWAAALLLALGVERALALPEICTQCPGSVQNLSKVAFYCKTTRELMLHARCCLNQKGTILGLDLQNCSLEDPGPNFHQAHTTVIIDLQANPLKGDLANTFRGFTQLQTLILPQHVNCPGGINAWNTITSYIDNQICQGQKNLCNNTGDPEMCPENGSCVPDGPGLLQCVCADGFHGYKCMRQGSFSLLMFFGILGATTLSVSILLWATQRRKAKTS
Q6UWV6,MRGPAVLLTVALATLLAPGAGAPVQSQGSQNKLLLVSFDGFRWNYDQDVDTPNLDAMARDGVKARYMTPAFVTMTSPCHFTLVTGKYIENHGVVHNMYYNTTSKVKLPYHATLGIQRWWDNGSVPIWITAQRQGLRAGSFFYPGGNVTYQGVAVTRSRKEGIAHNYKNETEWRANIDTVMAWFTEEDLDLVTLYFGEPDSTGHRYGPESPERREMVRQVDRTVGYLRESIARNHLTDRLNLIITSDHGMTTVDKRAGDLVEFHKFPNFTFRDIEFELLDYGPNGMLLPKEGRLEKVYDALKDAHPKLHVYKKEAFPEAFHYANNPRVTPLLMYSDLGYVIHGRINVQFNNGEHGFDNKDMDMKTIFRAVGPSFRAGLEVEPFESVHVYELMCRLLGIVPEANDGHLATLLPMLHTESALPPDGRPTLLPKGRSALPPSSRPLLVMGLLGTVILLSEVA
Q6UXZ3,MWLSPSLLLLILPGYSIAAKITGPTTVNGSEQGSLTVQCAYGSGWETYLKWRCQGADWNYCNILVKTNGSEQEVKKNRVSIRDNQKNHVFTVTMENLKRDDADSYWCGTERPGIDLGVKVQVTINPGTQTAVSEWTTTTASLAFTAAATQKTSSPLTRSPLKSTHFLFLFLLELPLLLSMLGTVLWVNRPQRRS
Q6ZSY5,MARTAPVEPPLRHSAPPSPAAGEPRTSVEAAVAPRRVLFADEALGLPLAQLRRYRPWGGPGAGKMAAAAGQDGGGGGGADEDDDGEDGDEGEEEEEACPEPSPLCPVPAGGGFYLVPTFSLPPAPGRLERLGRVMVELEALLPPPGAVPGGAGVWVPGGRPPVLRGLVRVLNRSFEKAVHVRASHDGWASFCDHPARYVPRSPPWAGAGGTGAGDPILDPGLGLGPGQASASSPDDGGRTDRFAFQLPFAEGAGDGARLDFVVRYETPEGTFWANNHGRNYTVLLRIAPAPTPTDAEGLPQQQQLPQLEPQPECQGPVEAEARQLKSCMKPVRRRPAEEELKTKNMDDNTFAMAEHPDVQESVGPLVAPTPLRPWPQMTLQVSDVPMTGNPAEEGDVPRSSPPVAFTEVLQAPAIRIPPSSPLCGLGGSPRDQASGPDASEGATGPFLEPSQQQAEATWGVSSENGGGLEAVSGSEELLGEDTIDQELEQLYLSHLSRLRAAVAAGGAGGGGEGSTDGGMSPSHPLGILTDRDLILKWPGPERALNSALAEEITLHYARLGRGVELIKDTEDPDDEGEGEEGLSVTPSSPEGDSPKESPPEILSGARSVVATMGDVWLPWAEGSGCDGPVVLGTEGQFIGDPEKGMGKDTSSLHMNRVIAGVTESLGEAGTEAQIEVTSEWAGSLDPISGKEPASPVLLQGQNPTLLSPLGAEVCLSSVARPHVSSQDEKDAGPSLEPPKKSPTLAVPAECVCALPPQLRGPLTQTLGVLAGLVVVPVALNSGVSLLVLALCLSLAWFS
Q7Z3S7,MVCGCSALLPLPNPRPTMPATPNFLANPSSSSRWIPLQPMPVAWAFVQKTSALLWLLLLGTSLSPAWGQAKIPLETVKLWADTFGGDLYNTVTKYSGSLLLQKKYKDVESSLKIEEVDGLELVRKFSEDMENMLRRKVEAVQNLVEAAEEADLNHEFNESLVFDYYNSVLINERDEKGNFVELGAEFLLESNAHFSNLPVNTSISSVQLPTNVYNKDPDILNGVYMSEALNAVFVENFQRDPTLTWQYFGSATGFFRIYPGIKWTPDENGVITFDCRNRGWYIQAATSPKDIVILVDVSGSMKGLRMTIAKHTITTILDTLGENDFINIIAYNDYVHYIEPCFKGILVQADRDNREHFKLLVEELMVKGVGVVDQALREAFQILKQFQEAKQGSLCNQAIMLISDGAVEDYEPVFEKYNWPDCKVRVFTYLIGREVSFADRMKWIACNNKGYYTQISTLADTQENVMEYLHVLSRPMVINHDHDIIWTEAYMDSKLLSSQAQSLTLLTTVAMPVFSKKNETRSHGILLGVVGSDVALRELMKLAPRYKLGVHGYAFLNTNNGYILSHPDLRPLYREGKKLKPKPNYNSVDLSEVEWEDQAESLRTAMINRETGTLSMDVKVPMDKGKRVLFLTNDYFFTDISDTPFSLGVVLSRGHGEYILLGNTSVEEGLHDLLHPDLALAGDWIYCITDIDPDHRKLSQLEAMIRFLTRKDPDLECDEELVREVLFDAVVTAPMEAYWTALALNMSEESEHVVDMAFLGTRAGLLRSSLFVGSEKVSDRKFLTPEDEASVFTLDRFPLWYRQASEHPAGSFVFNLRWAEGPESAGEPMVVTASTAVAVTVDKRTAIAAAAGVQMKLEFLQRKFWAATRQCSTVDGPCTQSCEDSDLDCFVIDNNGFILISKRSRETGRFLGEVDGAVLTQLLSMGVFSQVTMYDYQAMCKPSSHHHSAAQPLVSPISAFLTATRWLLQELVLFLLEWSVWGSWYDRGAEAKSVFHHSHKHKKQDPLQPCDTEYPVFVYQPAIREANGIVECGPCQKVFVVQQIPNSNLLLLVTDPTCDCSIFPPVLQEATEVKYNASVKCDRMRSQKLRRRPDSCHAFHPEENAQDCGGASDTSASPPLLLLPVCAWGLLPQLLR
Q7Z434,MPFAEDKTYKYICRNFSNFCNVDVVEILPYLPCLTARDQDRLRATCTLSGNRDTLWHLFNTLQRRPGWVEYFIAALRGCELVDLADEVASVYQSYQPRTSDRPPDPLEPPSLPAERPGPPTPAAAHSIPYNSCREKEPSYPMPVQETQAPESPGENSEQALQTLSPRAIPRNPDGGPLESSSDLAALSPLTSSGHQEQDTELGSTHTAGATSSLTPSRGPVSPSVSFQPLARSTPRASRLPGPTGSVVSTGTSFSSSSPGLASAGAAEGKQGAESDQAEPIICSSGAEAPANSLPSKVPTTLMPVNTVALKVPANPASVSTVPSKLPTSSKPPGAVPSNALTNPAPSKLPINSTRAGMVPSKVPTSMVLTKVSASTVPTDGSSRNEETPAAPTPAGATGGSSAWLDSSSENRGLGSELSKPGVLASQVDSPFSGCFEDLAISASTSLGMGPCHGPEENEYKSEGTFGIHVAENPSIQLLEGNPGPPADPDGGPRPQADRKFQEREVPCHRPSPGALWLQVAVTGVLVVTLLVVLYRRRLH
Q7Z7D3,MASLGQILFWSIISIIIILAGAIALIIGFGISGRHSITVTTVASAGNIGEDGILSCTFEPDIKLSDIVIQWLKEGVLGLVHEFKEGKDELSEQDEMFRGRTAVFADQVIVGNASLRLKNVQLTDAGTYKCYIITSKGKGNANLEYKTGAFSMPEVNVDYNASSETLRCEAPRWFPQPTVVWASQVDQGANFSEVSNTSFELNSENVTMKVVSVLYNVTINNTYSCMIENDIAKATGDIKVTESEIKRRSHLQLLNSKASLCVSSFFAISWALLPLSPYLMLK
Q86T96,MKRSKELITKNHSQEETSILRCWKCRKCIASSGCFMEYLENQVIKDKDDSVDAQNICHVWHMNVEALPEWISCLIQKAQWTVGKLNCPFCGARLGGFNFVSTPKCSCGQLAAVHLSKSRTDYQPTQAGRLMRPSVKYLSHPRVQSGCDKEALLTGGGSENRNHRLLNMARNNNDPGRLTEALCLEVRPTYFEMKNEKLLSKASEPKYQLFVPQLVTGRCATRAFHRKSHSLDLNISEKLTLLPTLYEIHSKTTAYSRLNETQPIDLSGLPLQSSKNSYSFQNPSSFDPSMLLQRFSVAPHETQTQRGGEFQCGLEAASVYSDHTNTNNLTFLMDLPSAGRSMPEASDQEEHLSPLDFLHSANFSLGSINQRLNKRERSKLKNLRRKQRRRERWLQKQGKYSGVGLLDHMTLNNEMSTDEDNEYAEEKDSYICAVCLDVYFNPYMCYPCHHIFCEPCLRTLAKDNPSSTPCPLCRTIISRVFFQTELNNATKTFFTKEYLKIKQSFQKSNSAKWPLPSCRKAFHLFGGFRRHAAPVTRRQFPHGAHRMDYLHFEDDSRGWWFDMDMVIIYIYSVNWVIGFIVFCFLCYFFFPF
Q86V40,MSPWSWFLLQTLCLLPTGAASRRGAPGTANCELKPQQSELNSFLWTIKRDPPSYFFGTIHVPYTRVWDFIPDNSKEAFLQSSIVYFELDLTDPYTISALTSCQMLPQGENLQDVLPRDIYCRLKRHLEYVKLMMPLWMTPDQRGKGLYADYLFNAIAGNWERKRPVWVMLMVNSLTEVDIKSRGVPVLDLFLAQEAERLRKQTGAVEKVEEQCHPLNGLNFSQVIFALNQTLLQQESLRAGSLQIPYTTEDLIKHYNCGDLSSVILSHDSSQVPNFINATLPPQERITAQEIDSYLRRELIYKRNERIGKRVKALLEEFPDKGFFFAFGAGHFMGNNTVLDVLRREGYEVEHAPAGRPIHKGKSKKTSTRPTLSTIFAPKVPTLEVPAPEAVSSGHSTLPPLVSRPGSADTPSEAEQRFRKKRRRSQRRPRLRQFSDLWVRLEESDIVPQLQVPVLDRHISTELRLPRRGHSHHSQMVASSACLSLWTPVFWVLVLAFQTETPLL
Q86WS5,MRLGLLSVALLFVGSSHLYSDHYSPSGRHRLGPSPEPAASSQQAEAVRKRLRRRREGGAHAEDCGTAPLKDVLQGSRIIGGTEAQAGAWPWVVSLQIKYGRVLVHVCGGTLVRERWVLTAAHCTKDASDPLMWTAVIGTNNIHGRYPHTKKIKIKAIIIHPNFILESYVNDIALFHLKKAVRYNDYIQPICLPFDVFQILDGNTKCFISGWGRTKEEGNATNILQDAEVHYISREMCNSERSYGGIIPNTSFCAGDEDGAFDTCRGDSGGPLMCYLPEYKRFFVMGITSYGHGCGRRGFPGVYIGPSFYQKWLTEHFFHASTQGILTINILRGQILIALCFVILLATT
Q86Y07,MPPKRNEKYKLPIPFPEGKVLDDMEGNQWVLGKKIGSGGFGLIYLAFPTNKPEKDARHVVKVEYQENGPLFSELKFYQRVAKKDCIKKWIERKQLDYLGIPLFYGSGLTEFKGRSYRFMVMERLGIDLQKISGQNGTFKKSTVLQLGIRMLDVLEYIHENEYVHGDIKAANLLLGYKNPDQVYLADYGLSYRYCPNGNHKQYQENPRKGHNGTIEFTSLDAHKGVALSRRSDVEILGYCMLRWLCGKLPWEQNLKDPVAVQTAKTNLLDELPQSVLKWAPSGSSCCEIAQFLVCAHSLAYDEKPNYQALKKILNPHGIPLGPLDFSTKGQSINVHTPNSQKVDSQKAATKQVNKAHNRLIEKKVHSERSAESCATWKVQKEEKLIGLMNNEAAQESTRRRQKYQESQEPLNEVNSFPQKISYTQFPNSFYEPHQDFTSPDIFKKSRSPSWYKYTSTVSTGITDLESSTGLWPTISQFTLSEETNADVYYYRIIIPVLLMLVFLALFFL
Q86Y82,MSYGPLDMYRNPGPSGPQLRDFSSIIQTCSGNIQRISQATAQIKNLMSQLGTKQDSSKLQENLQQLQHSTNQLAKETNELLKELGSLPLPLSTSEQRQQRLQKERLMNDFSAALNNFQAVQRRVSEKEKESIARARAGSRLSAEERQREEQLVSFDSHEEWNQMQSQEDEVAITEQDLELIKERETAIRQLEADILDVNQIFKDLAMMIHDQGDLIDSIEANVESSEVHVERATEQLQRAAYYQKKSRKKMCILVLVLSVIILILGLIIWLVYKTK
Q86YL7,MWKVSALLFVLGSASLWVLAEGASTGQPEDDTETTGLEGGVAMPGAEDDVVTPGTSEDRYKSGLTTLVATSVNSVTGIRIEDLPTSESTVHAQEQSPSATASNVATSHSTEKVDGDTQTTVEKDGLSTVTLVGIIVGVLLAIGFIGAIIVVVMRKMSGRYSP
Q8IXI1,MRRDVRILLLGEAQVGKTSLILSLVGEEFPEEVPPRAEEITIPADVTPEKVPTHIVDYSEAEQTDEELREEIHKANVVCVVYDVSEEATIEKIRTKWIPLVNGGTTQGPRVPIILVGNKSDLRSGSSMEAVLPIMSQFPEIETCVECSAKNLRNISELFYYAQKAVLHPTAPLYDPEAKQLRPACAQALTRIFRLSDQDLDQALSDEELNAFQKSCFGHPLAPQALEDVKTVVCRNVAGGVREDRLTLDGFLFLNTLFIQRGRHETTWTILRRFGYSDALELTADYLSPLIHVPPGCSTELNHLGYQFVQRVFEKHDQDRDGALSPVELQSLFSVFPAAPWGPELPRTVRTEAGRLPLHGYLCQWTLVTYLDVRSCLGHLGYLGYPTLCEQDQAHAITVTREKRLDQEKGQTQRSVLLCKVVGARGVGKSAFLQAFLGRGLGHQDTREQPPGYAIDTVQVNGQEKYLILCEVGTDGLLATSLDATCDVACLMFDGSDPKSFAHCASVYKHHYMDGQTPCLFVSSKADLPEGVAVSGPSPAEFCRKHRLPAPVPFSCAGPAEPSTTIFTQLATMAAFPHLVHAELHPSSFWLRGLLGVVGAAVAAVLSFSLYRVLVKSQ
Q8IXI2,MKKDVRILLVGEPRVGKTSLIMSLVSEEFPEEVPPRAEEITIPADVTPERVPTHIVDYSEAEQSDEQLHQEISQANVICIVYAVNNKHSIDKVTSRWIPLINERTDKDSRLPLILVGNKSDLVEYSSMETILPIMNQYTEIETCVECSAKNLKNISELFYYAQKAVLHPTGPLYCPEEKEMKPACIKALTRIFKISDQDNDGTLNDAELNFFQRICFNTPLAPQALEDVKNVVRKHISDGVADSGLTLKGFLFLHTLFIQRGRHETTWTVLRRFGYDDDLDLTPEYLFPLLKIPPDCTTELNHHAYLFLQSTFDKHDLDRDCALSPDELKDLFKVFPYIPWGPDVNNTVCTNERGWITYQGFLSQWTLTTYLDVQRCLEYLGYLGYSILTEQESQASAVTVTRDKKIDLQKKQTQRNVFRCNVIGVKNCGKSGVLQALLGRNLMRQKKIREDHKSYYAINTVYVYGQEKYLLLHDISESEFLTEAEIICDVVCLVYDVSNPKSFEYCARIFKQHFMDSRIPCLIVAAKSDLHEVKQEYSISPTDFCRKHKMPPPQAFTCNTADAPSKDIFVKLTTMAMYPHVTQADLKSSTFWLRASFGATVFAVLGFAMYKALLKQR
Q8IZS8,MAGPGSPRRASRGASALLAAALLYAALGDVVRSEQQIPLSVVKLWASAFGGEIKSIAAKYSGSQLLQKKYKEYEKDVAIEEIDGLQLVKKLAKNMEEMFHKKSEAVRRLVEAAEEAHLKHEFDADLQYEYFNAVLINERDKDGNFLELGKEFILAPNDHFNNLPVNISLSDVQVPTNMYNKDPAIVNGVYWSESLNKVFVDNFDRDPSLIWQYFGSAKGFFRQYPGIKWEPDENGVIAFDCRNRKWYIQAATSPKDVVILVDVSGSMKGLRLTIAKQTVSSILDTLGDDDFFNIIAYNEELHYVEPCLNGTLVQADRTNKEHFREHLDKLFAKGIGMLDIALNEAFNILSDFNHTGQGSICSQAIMLITDGAVDTYDTIFAKYNWPDRKVRIFTYLIGREAAFADNLKWMACANKGFFTQISTLADVQENVMEYLHVLSRPKVIDQEHDVVWTEAYIDSTLPQAQKLTDDQGPVLMTTVAMPVFSKQNETRSKGILLGVVGTDVPVKELLKTIPKYKLGIHGYAFAITNNGYILTHPELRLLYEEGKKRRKPNYSSVDLSEVEWEDRDDVLRNAMVNRKTGKFSMEVKKTVDKGKRVLVMTNDYYYTDIKGTPFSLGVALSRGHGKYFFRGNVTIEEGLHDLEHPDVSLADEWSYCNTDLHPEHRHLSQLEAIKLYLKGKEPLLQCDKELIQEVLFDAVVSAPIEAYWTSLALNKSENSDKGVEVAFLGTRTGLSRINLFVGAEQLTNQDFLKAGDKENIFNADHFPLWYRRAAEQIPGSFVYSIPFSTGPVNKSNVVTASTSIQLLDERKSPVVAAVGIQMKLEFFQRKFWTASRQCASLDGKCSISCDDETVNCYLIDNNGFILVSEDYTQTGDFFGEIEGAVMNKLLTMGSFKRITLYDYQAMCRANKESSDGAHGLLDPYNAFLSAVKWIMTELVLFLVEFNLCSWWHSDMTAKAQKLKQTLEPCDTEYPAFVSERTIKETTGNIACEDCSKSFVIQQIPSSNLFMVVVDSSCLCESVAPITMAPIEIRYNESLKCERLKAQKIRRRPESCHGFHPEENARECGGAPSLQAQTVLLLLPLLLMLFSR
Q8J025,MSWPRRLLLRYLFPALLLHGLGEGSALLHPDSRSHPRSLEKSAWRAFKESQCHHMLKHLHNGARITVQMPPTIEGHWVSTGCEVRSGPEFITRSYRFYHNNTFKAYQFYYGSNRCTNPTYTLIIRGKIRLRQASWIIRGGTEADYQLHNVQVICHTEAVAEKLGQQVNRTCPGFLADGGPWVQDVAYDLWREENGCECTKAVNFAMHELQLIRVEKQYLHHNLDHLVEELFLGDIHTDATQRMFYRPSSYQPPLQNAKNHDHACIACRIIYRSDEHHPPILPPKADLTIGLHGEWVSQRCEVRPEVLFLTRHFIFHDNNNTWEGHYYHYSDPVCKHPTFSIYARGRYSRGVLSSRVMGGTEFVFKVNHMKVTPMDAATASLLNVFNGNECGAEGSWQVGIQQDVTHTNGCVALGIKLPHTEYEIFKMEQDARGRYLLFNGQRPSDGSSPDRPEKRATSYQMPLVQCASSSPRAEDLAEDSGSSLYGRAPGRHTWSLLLAALACLVPLLHWNIRR
Q8N766,MAAEWASRFWLWATLLIPAAAVYEDQVGKFDWRQQYVGKVKFASLEFSPGSKKLVVATEKNVIAALNSRTGEILWRHVDKGTAEGAVDAMLLHGQDVITVSNGGRIMRSWETNIGGLNWEITLDSGSFQALGLVGLQESVRYIAVLKKTTLALHHLSSGHLKWVEHLPESDSIHYQMVYSYGSGVVWALGVVPFSHVNIVKFNVEDGEIVQQVRVSTPWLQHLSGACGVVDEAVLVCPDPSSRSLQTLALETEWELRQIPLQSLDLEFGSGFQPRVLPTQPNPVDASRAQFFLHLSPSHYALLQYHYGTLSLLKNFPQTALVSFATTGEKTVAAVMACRNEVQKSSSSEDGSMGSFSEKSSSKDSLACFNQTYTINLYLVETGRRLLDTTITFSLEQSGTRPERLYIQVFLKKDDSVGYRALVQTEDHLLLFLQQLAGKVVLWSREESLAEVVCLEMVDLPLTGAQAELEGEFGKKADGLLGMFLKRLSSQLILLQAWTSHLWKMFYDARKPRSQIKNEINIDTLARDEFNLQKMMVMVTASGKLFGIESSSGTILWKQYLPNVKPDSSFKLMVQRTTAHFPHPPQCTLLVKDKESGMSSLYVFNPIFGKWSQVAPPVLKRPILQSLLLPVMDQDYAKVLLLIDDEYKVTAFPATRNVLRQLHELAPSIFFYLVDAEQGRLCGYRLRKDLTTELSWELTIPPEVQRIVKVKGKRSSEHVHSQGRVMGDRSVLYKSLNPNLLAVVTESTDAHHERTFIGIFLIDGVTGRIIHSSVQKKAKGPVHIVHSENWVVYQYWNTKARRNEFTVLELYEGTEQYNATAFSSLDRPQLPQVLQQSYIFPSSISAMEATITERGITSRHLLIGLPSGAILSLPKALLDPRRPEIPTEQSREENLIPYSPDVQIHAERFINYNQTVSRMRGIYTAPSGLESTCLVVAYGLDIYQTRVYPSKQFDVLKDDYDYVLISSVLFGLVFATMITKRLAQVKLLNRAWR
Q8NA58,MFCTRGLLFFAFLAGLDIEFTGLRSNLSGPQQISLFDLPSEWYLKTRQSVQQFTVCQIGLSVFSAIEGEANKYIAHSCNFYLFPTTFGILDSEFSFQASSVQFLNQYGFNYNKFLKNGIPYMNEEQEKKIRHDILTGNWRVRSSPDKDQIKVVIDEVTRWLELAKEGDWMTLPGITGFQAFEVQLVLRQALPNIWTVLKDEGVVVKKVSKQHRWYLQNTSCDRESCWKENILLSARGFSVFFQMLVKAQKPLVGHNMMMDLLHLHEKFFRPLPESYDQFKQNIHSLFPVLIDTKSVTKDIWKEMNFPRVSNLSEVYEVLNSDLNPTKNSGPEIVHASRCEKYVETKCPHEAAYDAFLCGSVLLKVAHLLLQKIYHIDPVPESSFPQYLDVLAPYVNQVNLIRAGVPKINFSGPDYPSIRPPILILSVKRWPGVSEQQVYHKFQNLCKFDVRRLTRSQFLLLTNKFKDARNILKEYRDHPTLCISLYRYWRHSPNVNCLLQVCGIVTAWALLAFILGRSGT
Q8NHP6,MAENHAQNKAKLISETRRRFEAEYVTDKSDKYDARDVERLQQDDNWVESYLSWRHNIVDETLKMLDESFQWRKEISVNDLNESSIPRWLLEIGVIYLHGYDKEGNKLFWIRVKYHVKDQKTILDKKKLIAFWLERYAKRENGKPVTVMFDLSETGINSIDMDFVRFIINCFKVYYPKYLSKIVIFDMPWLMNAAFKIVKTWLGPEAVSLLKFTSKNEVQDYVSVEYLPPHMGGTDPFKYSYPPLVDDDFQTPLCENGPITSEDETSSKEDIESDGKETLETISNEEQTPLLKKINPTESTSKAEENEKVDSKVKAFKKPLSVFKGPLLHISPAEELYFGSTESGEKKTLIVLTNVTKNIVAFKVRTTAPEKYRVKPSNSSCDPGASVDIVVSPHGGLTVSAQDRFLIMAAEMEQSSGTGPAELTQFWKEVPRNKVMEHRLRCHTVESSKPNTLTLKDNAFNMSDKTSEDICLQLSRLLESNRKLEDQVQRCIWFQQLLLSLTMLLLAFVTSFFYLLYS
Q8WXH2,MSSGGRFNFDDGGSYCGGWEDGKAHGHGVCTGPKGQGEYTGSWSHGFEVLGVYTWPSGNTYQGTWAQGKRHGIGLESKGKWVYKGEWTHGFKGRYGVRECAGNGAKYEGTWSNGLQDGYGTETYSDGGTYQGQWVGGMRQGYGVRQSVPYGMAAVIRSPLRTSINSLRSEHTNGTALHPDASPAVAGSPAVSRGGFVLVAHSDSEILKSKKKGLFRRSLLSGLKLRKSESKSSLASQRSKQSSFRSEAGMSTVSSTASDIHSTISLGEAEAELAVIEDDIDATTTETYVGEWKNDKRSGFGVSQRSDGLKYEGEWASNRRHGYGCMTFPDGTKEEGKYKQNILVGGKRKNLIPLRASKIREKVDRAVEAAERAATIAKQKAEIAASRTSHSRAKAEAALTAAQKAQEEARIARITAKEFSPSFQHRENGLEYQRPKRQTSCDDIEVLSTGTPLQQESPELYRKGTTPSDLTPDDSPLQSFPTSPAATPPPAPAARNKVAHFSRQVSVDEERGGDIQMLLEGRAGDCARSSWGEEQAGGSRGVRSGALRGGLLVDDFRTRGSGRKQPGNPKPRERRTESPPVFTWTSHHRASNHSPGGSRLLELQEEKLSNYRMEMKPLLRMETHPQKRRYSKGGACRGLGDDHRPEDRGFGVQRLRSKAQNKENFRPASSAEPAVQKLASLRLGGAEPRLLRWDLTFSPPQKSLPVALESDEENGDELKSSTGSAPILVVMVILLNIGVAILFINFFI
Q92643,MAVTDSLSRAATVLATVLLLSFGSVAASHIEDQAEQFFRSGHTNNWAVLVCTSRFWFNYRHVANTLSVYRSVKRLGIPDSHIVLMLADDMACNPRNPKPATVFSHKNMELNVYGDDVEVDYRSYEVTVENFLRVLTGRIPPSTPRSKRLLSDDRSNILIYMTGHGGNGFLKFQDSEEITNIELADAFEQMWQKRRYNELLFIIDTCQGASMYERFYSPNIMALASSQVGEDSLSHQPDPAIGVHLMDRYTFYVLEFLEEINPASQTNMNDLFQVCPKSLCVSTPGHRTDLFQRDPKNVLITDFFGSVRKVEITTETIKLQQDSEIMESSYKEDQMDEKLMEPLKYAEQLPVAQIIHQKPKLKDWHPPGGFILGLWALIIMVFFKTYGIKHMKFIF
Q969F0,MAGGPPNTKAEMEMSLAEELNHGRQGENQEHLVIAEMMELGSRSRGASQKKQKLEQKAAGSASAKRVWNMTATRPKKMGSQLPKPRMLRESGHGDAHLQEYAGNFQGIRFHYDRNPGTDAVAQTSLEEFNVLEMEVMRRQLYAVNRRLRALEEQGATWRHRETLIIAVLVSASIANLWLWMNQ
Q96AJ9,MSSDFEGYEQDFAVLTAEITSKIARVPRLPPDEKKQMVANVEKQLEEAKELLEQMDLEVREIPPQSRGMYSNRMRSYKQEMGKLETDFKRSRIAYSDEVRNELLGDDGNSSENQRAHLLDNTERLERSSRRLEAGYQIAVETEQIGQEMLENLSHDREKIQRARERLRETDANLGKSSRILTGMLRRIIQNRILLVILGIIVVITILMAITFSVRRH
Q96D59,MAEQQGRELEAECPVCWNPFNNTFHTPKMLDCCHSFCVECLAHLSLVTPARRRLLCPLCRQPTVLASGQPVTDLPTDTAMLALLRLEPHHVILEGHQLCLKDQPKSRYFLRQPQVYTLDLGPQPGGQTGPPPDTASATVSTPILIPSHHSLRECFRNPQFRIFAYLMAVILSVTLLLIFSIFWTKQFLWGVG
Q96DX8,MVVDFWTWEQTFQELIQEAKPRATWTLKLDGNLQLDCLAQGWKQYQQRAFGWFRCSSCQRSWASAQVQILCHTYWEHWTSQGQVRMRLFGQRCQKCSWSQYEMPEFSSDSTMRILSNLVQHILKKYYGNGTRKSPEMPVILEVSLEGSHDTANCEACTLGICGQGLKSCMTKPSKSLLPHLKTGNSSPGIGAVYLANQAKNQSAEAKEAKGSGYEKLGPSRDPDPLNICVFILLLVFIVVKCFTSE
Q96F15,MGGFQRGKYGTMAEGRSEDNLSATPPALRIILVGKTGCGKSATGNSILGQPVFESKLRAQSVTRTCQVKTGTWNGRKVLVVDTPSIFESQADTQELYKNIGDCYLLSAPGPHVLLLVIQLGRFTAQDTVAIRKVKEVFGTGAMRHVVILFTHKEDLGGQALDDYVANTDNCSLKDLVRECERRYCAFNNWGSVEEQRQQQAELLAVIERLGREREGSFHSNDLFLDAQLLQRTGAGACQEDYRQYQAKVEWQVEKHKQELRENESNWAYKALLRVKHLMLLHYEIFVFLLLCSILFFIIFLFIFHYI
Q96GX1,MGFQPPAALLLRLFLLQGILRLLWGDLAFIPPFIRMSGPAVSASLVGDTEGVTVSLAVLQDEAGILPIPTCGVLNNETEDWSVTVIPGAKVLEVTVRWKRGLDWCSSNETDSFSESPCILQTLLVSASHNSSCSAHLLIQVEIYANSSLTHNASENVTVIPNQVYQPLGPCPCNLTAGACDVRCCCDQECSSNLTTLFRRSCFTGVFGGDVNPPFDQLCSAGTTTRGVPDWFPFLCVQSPLANTPFLGYFYHGAVSPKQDSSFEVYVDTDAKDFADFGYKQGDPIMTVKKAYFTIPQVSLAGQCMQNAPVAFLHNFDVKCVTNLELYQERDGIINAKIKNVALGGIVTPKVIYEEATDLDKFITNTETPLNNGSTPRIVNVEEHYIFKWNNNTISEINVKIFRAEINAHQKGIMTQRFVVKFLSYNSGNEEELSGNPGYQLGKPVRALNINRMNNVTTLHLWQSAGRGLCTSATFKPILFGENVLSGCLLEVGINENCTQLRENAVERLDSLIQATHVAMRGNSDYADLSDGWLEIIRVDAPDPGADPLASSVNGMCLDIPAHLSIRILISDAGAVEGITQQEILGVETRFSSVNWQYQCGLTCEHKADLLPISASVQFIKIPAQLPHPLTRFQINYTEYDCNRNEVCWPQLLYPWTQYYQGELHSQCVAKGLLLLLFLTLALFLSNPWTRICKAYS
Q96JJ6,MSPGGKFDFDDGGCYVGGWEAGRAHGYGVCTGPGAQGEYSGCWAHGFESLGVFTGPGGHSYQGHWQQGKREGLGVERKSRWTYRGEWLGGLKGRSGVWESVSGLRYAGLWKDGFQDGYGTETYSDGGTYQGQWQAGKRHGYGVRQSVPYHQAALLRSPRRTSLDSGHSDPPTPPPPLPLPGDEGGSPASGSRGGFVLAGPGDADGASSRKRTPAAGGFFRRSLLLSGLRAGGRRSSLGSKRGSLRSEVSSEVGSTGPPGSEASGPPAAAPPALIEGSATEVYAGEWRADRRSGFGVSQRSNGLRYEGEWLGNRRHGYGRTTRPDGSREEGKYKRNRLVHGGRVRSLLPLALRRGKVKEKVDRAVEGARRAVSAARQRQEIAAARAADALLKAVAASSVAEKAVEAARMAKLIAQDLQPMLEAPGRRPRQDSEGSDTEPLDEDSPGVYENGLTPSEGSPELPSSPASSRQPWRPPACRSPLPPGGDQGPFSSPKAWPEEWGGAGAQAEELAGYEAEDEAGMQGPGPRDGSPLLGGCSDSSGSLREEEGEDEEPLPPLRAPAGTEPEPIAMLVLRGSSSRGPDAGCLTEELGEPAATERPAQPGAANPLVVGAVALLDLSLAFLFSQLLT
Q96JN2,MQAMEGEVLLPALYEEEEEEEEEEEEVEEEEEQVQKGGSVGSLSVNKHRGLSLTETELEELRAQVLQLVAELEETRELAGQHEDDSLELQGLLEDERLASAQQAEVFTKQIQQLQGELRSLREEISLLEHEKESELKEIEQELHLAQAEIQSLRQAAEDSATEHESDIASLQEDLCRMQNELEDMERIRGDYEMEIASLRAEMEMKSSEPSGSLGLSDYSGLQEELQELRERYHFLNEEYRALQESNSSLTGQLADLESERTQRATERWLQSQTLSMTSAESQTSEMDFLEPDPEMQLLRQQLRDAEEQMHGMKNKCQELCCELEELQHHRQVSEEEQRRLQRELKCAQNEVLRFQTSHSVTQNEELKSRLCTLQKKYDTSQDEQNELLKMQLQLQTELRQLKVMKSTLVENQSEKELLCRLQKLHLQHQNVTCEKEKLLERQQQLQEELQCHEAELQHLRDTVASFKESNEKDTETHAQLQEMKQLYQASKDELERQKHMYDQLEQDLLLCQLELKELKASHPIPEDKGKCANKCDTLLSRLTELQEKYKASQKEMGQLQMEQCELLEDQRRMQEEQGQLQEELHRLTLPLPKSGLLLKSQELLTKLEDLCELQLLYQGMQEEQKKLIQNQDCVLKEQLEIHEELRRFKESHFQEVLENPDDSKLAKSSKCNRNKQSKLLMEQMQALQVMYDAGQAKQELLQQEQGRLLEERKRLQADLQLCLEEMQLLQVQSPSIKMSLESYGKSYGSMVPSNENCRKTYDTTVDDNESYYKSYTSTQTSSKSFLKSYDSSTSASEAYGKSYCTTSNSSITYKKSYGSTSSSDTCQKSFVSSCTDEEPAEPEDMERFEEMVVKVLIKLQAVQAMYQISQEEHSQLQEQMEKLLAKQKDLKEELDACEREFKECMECLEKPMAPQNDKNEIKELQTKLRELQLQYQASMDEQGRLLVVQEQLEGQLQCCQEELRQLREKRPSVVKEARGKNANKNMNKNANGVKMKKVTKPCSDTSESDLETRKSLEVVLYYKASQRKLDGLAKEEEKKEEMEEEKKQVKEEAKEQCGDELVAEPADPEEAKSTEDQEENEEDKEEEEKEEDSEEEEDDADSSLESPEENNPLRLSESKKSSPTPNPPIFSLPLVGLVVISALLWCWWAETSS
Q96LL9,MAAMRWRWWQRLLPWRLLQARGFPQNSAPSLGLGARTYSQGDCSYSRTALYDLLGVPSTATQAQIKAAYYRQCFLYHPDRNSGSAEAAERFTRISQAYVVLGSATLRRKYDRGLLSDEDLRGPGVRPSRTPAPDPGSPRTPPPTSRTHDGSRASPGANRTMFNFDAFYQAHYGEQLERERRLRARREALRKRQEYRSMKGLRWEDTRDTAAIFLIFSIFIIIGFYI
Q99518,MAKKVAVIGAGVSGLISLKCCVDEGLEPTCFERTEDIGGVWRFKENVEDGRASIYQSVVTNTSKEMSCFSDFPMPEDFPNFLHNSKLLEYFRIFAKKFDLLKYIQFQTTVLSVRKCPDFSSSGQWKVVTQSNGKEQSAVFDAVMVCSGHHILPHIPLKSFPGMERFKGQYFHSRQYKHPDGFEGKRILVIGMGNSGSDIAVELSKNAAQVFISTRHGTWVMSRISEDGYPWDSVFHTRFRSMLRNVLPRTAVKWMIEQQMNRWFNHENYGLEPQNKYIMKEPVLNDDVPSRLLCGAIKVKSTVKELTETSAIFEDGTVEENIDVIIFATGYSFSFPFLEDSLVKVENNMVSLYKYIFPAHLDKSTLACIGLIQPLGSIFPTAELQARWVTRVFKGLCSLPSERTMMMDIIKRNEKRIDLFGESQSQTLQTNYVDYLDELALEIGAKPDFCSLLFKDPKLAVRLYFGPCNSYQYRLVGPGQWEGARNAIFTQKQRILKPLKTRALKDSSNFSVSFLLKILGLLAVVVAFFCQLQWS
Q9BR39,MSGGRFDFDDGGAYCGGWEGGKAHGHGLCTGPKGQGEYSGSWNFGFEVAGVYTWPSGNTFEGYWSQGKRHGLGIETKGRWLYKGEWTHGFKGRYGIRQSSSSGAKYEGTWNNGLQDGYGTETYADGGTYQGQFTNGMRHGYGVRQSVPYGMAVVVRSPLRTSLSSLRSEHSNGTVAPDSPASPASDGPALPSPAIPRGGFALSLLANAEAAARAPKGGGLFQRGALLGKLRRAESRTSVGSQRSRVSFLKSDLSSGASDAASTASLGEAAEGADEAAPFEADIDATTTETYMGEWKNDKRSGFGVSERSSGLRYEGEWLDNLRHGYGCTTLPDGHREEGKYRHNVLVKDTKRRMLQLKSNKVRQKVEHSVEGAQRAAAIARQKAEIAASRTSHAKAKAEAAEQAALAANQESNIARTLARELAPDFYQPGPEYQKRRLLQEILENSESLLEPPDRGAGAAGLPQPPRESPQLHERETPRPEGGSPSPAGTPPQPKRPRPGVSKDGLLSPGAWNGEPSGEGSRSVTPSEGAGRRSPARPATERMAIEALQAPPAPSREPEVALYQGYHSYAVRTTPPEPPPFEDQPEPEVSGSESAPSSPATAPLQAPTLRGPEPARETPAKLEPKPIIPKAEPRAKARKTEARGLTKAGAKKKARKEAALAAEAEVEVEEVPNTILICMVILLNIGLAILFVHLLT
Q9BXK5,MASSSTVPLGFHYETKYVVLSYLGLLSQEKLQEQHLSSPQGVQLDIASQSLDQEILLKVKTEIEEELKSLDKEISEAFTSTGFDRHTSPVFSPANPESSMEDCLAHLGEKVSQELKEPLHKALQMLLSQPVTYQAFRECTLETTVHASGWNKILVPLVLLRQMLLELTRRGQEPLSALLQFGVTYLEDYSAEYIIQQGGWGTVFSLESEEEEYPGITAEDSNDIYILPSDNSGQVSPPESPTVTTSWQSESLPVSLSASQSWHTESLPVSLGPESWQQIAMDPEEVKSLDSNGAGEKSENNSSNSDIVHVEKEEVPEGMEEAAVASVVLPARELQEALPEAPAPLLPHITATSLLGTREPDTEVITVEKSSPATSLFVELDEEEVKAATTEPTEVEEVVPALEPTETLLSEKEINAREESLVEELSPASEKKPVPPSEGKSRLSPAGEMKPMPLSEGKSILLFGGAAAVAILAVAIGVALALRKK
Q9BXU9,MRLPEQPGEGKPENEKKGDGGALGGGEEPPRSQAPDFPTWEKMPFHHVTAGLLYKGNYLNRSLSAGSDSEQLANISVEELDEIREAFRVLDRDGNGFISKQELGMAMRSLGYMPSEVELAIIMQRLDMDGDGQVDFDEFMTILGPKLVSSEGRDGFLGNTIDSIFWQFDMQRITLEELKHILYHAFRDHLTMKDIENIIINEEESLNETSGNCQTEFEGVHSQKQNRQTCVRKSLICAFAMAFIISVMLIAANQILRSGME
Q9BZF1,MEGGLADGEPDRTSLLGDSKDVLGPSTVVANSDESQLLTPGKMSQRQGKEAYPTPTKDLHQPSLSPASPHSQGFERGKEDISQNKDESSLSMSKSKSESKLYNGSEKDSSTSSKLTKKESLKVQKKNYREEKKRATKELLSTITDPSVIVMADWLKIRGTLKSWTKLWCVLKPGVLLIYKTQKNGQWVGTVLLNACEIIERPSKKDGFCFKLFHPLEQSIWAVKGPKGEAVGSITQPLPSSYLIIRATSESDGRCWMDALELALKCSSLLKRTMIREGKEHDLSVSSDSTHVTFYGLLRANNLHSGDNFQLNDSEIERQHFKDQDMYSDKSDKENDQEHDESDNEVMGKSEESDTDTSERQDDSYIEPEPVEPLKETTYTEQSHEELGEAGEASQTETVSEENKSLIWTLLKQVRPGMDLSKVVLPTFILEPRSFLDKLSDYYYHADFLSEAALEENPYFRLKKVVKWYLSGFYKKPKGLKKPYNPILGETFRCLWIHPRTNSKTFYIAEQVSHHPPISAFYVSNRKDGFCLSGSILAKSKFYGNSLSAILEGEARLTFLNRGEDYVMTMPYAHCKGILYGTMTLELGGTVNITCQKTGYSAILEFKLKPFLGSSDCVNQISGKLKLGKEVLATLEGHWDSEVFITDKKTDNSEVFWNPTPDIKQWRLIRHTVKFEEQGDFESEKLWQRVTRAINAKDQTEATQEKYVLEEAQRQAARDRKTKNEEWSCKLFELDPLTGEWHYKFADTRPWDPLNDMIQFEKDGVIQTKVKHRTPMVSVPKMKHKPTRQQKKVAKGYSSPEPDIQDSSGSEAQSVKPSTRRKKGIELGDIQSSIESIKQTQEEIKRNIMALRNHLVSSTPATDYFLQQKDYFIIFLLILLQVIINFMFK
Q9GZY8,MSKGTSSDTSLGRVSRAAFPSPTAAEMAEISRIQYEMEYTEGISQRMRVPEKLKVAPPNADLEQGFQEGVPNASVIMQVPERIVVAGNNEDVSFSRPADLDLIQSTPFKPLALKTPPRVLTLSERPLDFLDLERPPTTPQNEEIRAVGRLKRERSMSENAVRQNGQLVRNDSLWHRSDSAPRNKISRFQAPISAPEYTVTPSPQQARVCPPHMLPEDGANLSSARGILSLIQSSTRRAYQQILDVLDENRRPVLRGGSAAATSNPHHDNVRYGISNIDTTIEGTSDDLTVVDAASLRRQIIKLNRRLQLLEEENKERAKREMVMYSITVAFWLLNSWLWFRR
Q9H0X9,MKEEAFLRRRFSLCPPSSTPQKVDPRKLTRNLLLSGDNELYPLSPGKDMEPNGPSLPRDEGPPTPSSATKVPPAEYRLCNGSDKECVSPTARVTKKETLKAQKENYRQEKKRATRQLLSALTDPSVVIMADSLKIRGTLKSWTKLWCVLKPGVLLIYKTPKVGQWVGTVLLHCCELIERPSKKDGFCFKLFHPLDQSVWAVKGPKGESVGSITQPLPSSYLIFRAASESDGRCWLDALELALRCSSLLRLGTCKPGRDGEPGTSPDASPSSLCGLPASATVHPDQDLFPLNGSSLENDAFSDKSERENPEESDTETQDHSRKTESGSDQSETPGAPVRRGTTYVEQVQEELGELGEASQVETVSEENKSLMWTLLKQLRPGMDLSRVVLPTFVLEPRSFLNKLSDYYYHADLLSRAAVEEDAYSRMKLVLRWYLSGFYKKPKGIKKPYNPILGETFRCCWFHPQTDSRTFYIAEQVSHHPPVSAFHVSNRKDGFCISGSITAKSRFYGNSLSALLDGKATLTFLNRAEDYTLTMPYAHCKGILYGTMTLELGGKVTIECAKNNFQAQLEFKLKPFFGGSTSINQISGKITSGEEVLASLSGHWDRDVFIKEEGSGSSALFWTPSGEVRRQRLRQHTVPLEEQTELESERLWQHVTRAISKGDQHRATQEKFALEEAQRQRARERQESLMPWKPQLFHLDPITQEWHYRYEDHSPWDPLKDIAQFEQDGILRTLQQEAVARQTTFLGSPGPRHERSGPDQRLRKASDQPSGHSQATESSGSTPESCPELSDEEQDGDFVPGGESPCPRCRKEARRLQALHEAILSIREAQQELHRHLSAMLSSTARAAQAPTPGLLQSPRSWFLLCVFLACQLFINHILK
Q9H7X0,MTEVVPSSALSEVSLRLLCHDDIDTVKHLCGDWFPIEYPDSWYRDITSNKKFFSLAATYRGAIVGMIVAEIKNRTKIHKEDGDILASNFSVDTQVAYILSLGVVKEFRKHGIGSLLLESLKDHISTTAQDHCKAIYLHVLTTNNTAINFYENRDFKQHHYLPYYYSIRGVLKDGFTYVLYINGGHPPWTILDYIQHLGSALASLSPCSIPHRVYRQAHSLLCSFLPWSGISSKSGIEYSRTM
Q9HCU5,MGRRRAPELYRAPFPLYALQVDPSTGLLIAAGGGGAAKTGIKNGVHFLQLELINGRLSASLLHSHDTETRATMNLALAGDILAAGQDAHCQLLRFQAHQQQGNKAEKAGSKEQGPRQRKGAAPAEKKCGAETQHEGLELRVENLQAVQTDFSSDPLQKVVCFNHDNTLLATGGTDGYVRVWKVPSLEKVLEFKAHEGEIEDLALGPDGKLVTVGRDLKASVWQKDQLVTQLHWQENGPTFSSTPYRYQACRFGQVPDQPAGLRLFTVQIPHKRLRQPPPCYLTAWDGSNFLPLRTKSCGHEVVSCLDVSESGTFLGLGTVTGSVAIYIAFSLQCLYYVREAHGIVVTDVAFLPEKGRGPELLGSHETALFSVAVDSRCQLHLLPSRRSVPVWLLLLLCVGLIIVTILLLQSAFPGFL
Q9HD36,MVDQLRERTTMADPLRERTELLLADYLGYCAREPGTPEPAPSTPEAAVLRSAAARLRQIHRSFFSAYLGYPGNRFELVALMADSVLSDSPGPTWGRVVTLVTFAGTLLERGPLVTARWKKWGFQPRLKEQEGDVARDCQRLVALLSSRLMGQHRAWLQAQGGWDGFCHFFRTPFPLAFWRKQLVQAFLSCLLTTAFIYLWTRLL
Q9HDC5,MTGGRFDFDDGGTYCGGWEEGKAHGHGICTGPKGQGEYSGSWSHGFEVVGGYTWPSGNTYQGYWAQGKRHGLGVETKGKWMYRGEWSHGFKGRYGVRQSLCTPARYEGTWSNGLQDGYGVETYGDGGTYQGQWAGGMRHGYGVRQSVPYGMATVIRSPLRTSLASLRSEQSNGSVLHDAAAAADSPAGTRGGFVLNFHADAELAGKKKGGLFRRGSLLGSMKLRKSESKSSISSKRSSVRSDAAMSRISSSDANSTISFGDVDCDFCPVEDHVDATTTETYMGEWKNDKRNGFGVSERSNGMKYEGEWANNKRHGYGCTVFPDGSKEEGKYKNNILVRGIRKQLIPIRHTKTREKVDRAIEGAQRAAAMARTKVEIANSRTAHARAKADAADQAALAARQECDIARAVARELSPDFYQPGPDYVKQRFQEGVDAKENPEEKVPEKPPTPKESPHFYRKGTTPPRSPEASPKHSHSPASSPKPLKKQNPSSGARLNQDKRSVADEQVTAIVNKPLMSKAPTKEAGAVVPQSKYSGRHHIPNPSNGELHSQYHGYYVKLNAPQHPPVDVEDGDGSSQSSSALVHKPSANKWSPSKSVTKPVAKESKAEPKAKKSELAIPKNPASNDSCPALEKEANSGPNSIMIVLVMLLNIGLAILFVHFLT
Q9HDD0,MAFNDCFSLNYPGNPCPGDLIEVFRPGYQHWALYLGDGYVINIAPVDGIPASFTSAKSVFSSKALVKMQLLKDVVGNDTYRINNKYDETYPPLPVEEIIKRSEFVIGQEVAYNLLVNNCEHFVTLLRYGEGVSEQANRAISTVEFVTAAVGVFSFLGLFPKGQRAKYY
Q9NP99,MRKTRLWGLLWMLFVSELRAATKLTEEKYELKEGQTLDVKCDYTLEKFASSQKAWQIIRDGEMPKTLACTERPSKNSHPVQVGRIILEDYHDHGLLRVRMVNLQVEDSGLYQCVIYQPPKEPHMLFDRIRLVVTKGFSGTPGSNENSTQNVYKIPPTTTKALCPLYTSPRTVTQAPPKSTADVSTPDSEINLTNVTDIIRVPVFNIVILLAGGFLSKSLVFSVLFAVTLRSFVP
Q9NRQ2,MSGVVPTAPEQPAGEMENQTKPPDPRPDAPPEYNSHFLPGPPGTAVPPPTGYPGGLPMGYYSPQQPSTFPLYQPVGGIHPVRYQPGKYPMPNQSVPITWMPGPTPMANCPPGLEYLVQLDNIHVLQHFEPLEMMTCFETNNRYDIKNNSDQMVYIVTEDTDDFTRNAYRTLRPFVLRVTDCMGREIMTMQRPFRCTCCCFCCPSARQELEVQCPPGVTIGFVAEHWNLCRAVYSIQNEKKENVMRVRGPCSTYGCGSDSVFEVKSLDGISNIGSIIRKWNGLLSAMADADHFDIHFPLDLDVKMKAMIFGACFLIDFMYFERSPPQRSR
Q9NRY7,MRSWNSLFCLNSSRPPGHIVYPKHQAGHTGKQADHLGSQAFYPGRQHDYLVPPAGTAGIPVQNQPGRPEGVPWMPAPPPPLNCPPGLEYLSQIDMILIHQQIELLEVLFSFESSNMYEIKNSFGQRIYFAAEDTNFCIRNCCGRSRPFTLRITDNVGREVITLERPLRCNCCCCPCCLQEIEIQAPPGVPVGYVTQTWHPCLTKFTIKNQKREDVLKISGPCIVCSCIAGVDFEITSLDEQIVVGRISKHWSGFLREAFTDADNFGIQFPRDLDVKMKAVMIGACFLIDYMFFERTR
Q9NWW9,MALARPRPRLGDLIEISRFGYAHWAIYVGDGYVVHLAPASEIAGAGAASVLSALTNKAIVKKELLSVVAGGDNYRVNNKHDDRYTPLPSNKIVKRAEELVGQELPYSLTSDNCEHFVNHLRYGVSRSDQVTGAVTTVGVAAGLLAAASLVGILLARSKRERQ
Q9NZ43,MAASRLELNLVRLLSRCEAMAAEKRDPDEWRLEKYVGALEDMLQALKVHASKPASEVINEYSWKVDFLKGMLQAEKLTSSSEKALANQFLAPGRVPTTARERVPATKTVHLQSRARYTSEMRSELLGTDSAEPEMDVRKRTGVAGSQPVSEKQLAAELDLVLQRHQNLQEKLAEEMLGLARSLKTNTLAAQSVIKKDNQTLSHSLKMADQNLEKLKTESERLEQHTQKSVNWLLWAMLIIVCFIFISMILFIRIMPKLK
Q9P0K9,MARPPRQHPGVWASLLLLLLTGPAACAASPADDGAGPGGRGPRGRARGDTGADEAVPRHDSSYGTFAGEFYDLRYLSEEGYPFPTAPPVDPFAKIKVDDCGKTKGCFRYGKPGCNAETCDYFLSYRMIGADVEFELSADTDGWVAVGFSSDKKMGGDDVMACVHDDNGRVRIQHFYNVGQWAKEIQRNPARDEEGVFENNRVTCRFKRPVNVPRDETIVDLHLSWYYLFAWGPAIQGSITRHDIDSPPASERVVSIYKYEDIFMPSAAYQTFSSPFCLLLIVALTFYLLMGTP
Q9P0L0,MASASGAMAKHEQILVLDPPTDLKFKGPFTDVVTTNLKLRNPSDRKVCFKVKTTAPRRYCVRPNSGIIDPGSTVTVSVMLQPFDYDPNEKSKHKFMVQTIFAPPNTSDMEAVWKEAKPDELMDSKLRCVFEMPNENDKLNDMEPSKAVPLNASKQDGPMPKPHSVSLNDTETRKLMEECKRLQGEMMKLSEENRHLRDEGLRLRKVAHSDKPGSTSTASFRDNVTSPLPSLLVVIAAIFIGFFLGKFIL
Q9P1W8,MPVPASWPHPPGPFLLLTLLLGLTEVAGEEELQMIQPEKLLLVTVGKTATLHCTVTSLLPVGPVLWFRGVGPGRELIYNQKEGHFPRVTTVSDLTKRNNMDFSIRISSITPADVGTYYCVKFRKGSPENVEFKSGPGTEMALGAKPSAPVVLGPAARTTPEHTVSFTCESHGFSPRDITLKWFKNGNELSDFQTNVDPTGQSVAYSIRSTARVVLDPWDVRSQVICEVAHVTLQGDPLRGTANLSEAIRVPPTLEVTQQPMRVGNQVNVTCQVRKFYPQSLQLTWSENGNVCQRETASTLTENKDGTYNWTSWFLVNISDQRDDVVLTCQVKHDGQLAVSKRLALEVTVHQKDQSSDATPGPASSLTALLLIAVLLGPIYVPWKQKT
Q9P2W9,MAVDITLLFRASVKTVKTRNKALGVAVGGGVDGSRDELFRRSPRPKGDFSSRAREVISHIGKLRDFLLEHRKDYINAYSHTMSEYGRMTDTERDQIDQDAQIFMRTCSEAIQQLRTEAHKEIHSQQVKEHRTAVLDFIEDYLKRVCKLYSEQRAIRVKRVVDKKRLSKLEPEPNTKTRESTSSEKVSQSPSKDSEENPATEERPEKILAETQPELGTWGDGKGEDELSPEEIQMFEQENQRLIGEMNSLFDEVRQIEGRVVEISRLQEIFTEKVLQQEAEIDSIHQLVVGATENIKEGNEDIREAIKNNAGFRVWILFFLVMCSFSLLFLDWYDS
Q9UEF7,MPASAPPRRPRPPPPSLSLLLVLLGLGGRRLRAEPGDGAQTWARFSRPPAPEAAGLFQGTFPDGFLWAVGSAAYQTEGGWQQHGKGASIWDTFTHHPLAPPGDSRNASLPLGAPSPLQPATGDVASDSYNNVFRDTEALRELGVTHYRFSISWARVLPNGSAGVPNREGLRYYRRLLERLRELGVQPVVTLYHWDLPQRLQDAYGGWANRALADHFRDYAELCFRHFGGQVKYWITIDNPYVVAWHGYATGRLAPGIRGSPRLGYLVAHNLLLAHAKVWHLYNTSFRPTQGGQVSIALSSHWINPRRMTDHSIKECQKSLDFVLGWFAKPVFIDGDYPESMKNNLSSILPDFTESEKKFIKGTADFFALCFGPTLSFQLLDPHMKFRQLESPNLRQLLSWIDLEFNHPQIFIVENGWFVSGTTKRDDAKYMYYLKKFIMETLKAIKLDGVDVIGYTAWSLMDGFEWHRGYSIRRGLFYVDFLSQDKMLLPKSSALFYQKLIEKNGFPPLPENQPLEGTFPCDFAWGVVDNYIQVDTTLSQFTDLNVYLWDVHHSKRLIKVDGVVTKKRKSYCVDFAAIQPQIALLQEMHVTHFRFSLDWALILPLGNQSQVNHTILQYYRCMASELVRVNITPVVALWQPMAPNQGLPRLLARQGAWENPYTALAFAEYARLCFQELGHHVKLWITMNEPYTRNMTYSAGHNLLKAHALAWHVYNEKFRHAQNGKISIALQADWIEPACPFSQKDKEVAERVLEFDIGWLAEPIFGSGDYPWVMRDWLNQRNNFLLPYFTEDEKKLIQGTFDFLALSHYTTILVDSEKEDPIKYNDYLEVQEMTDITWLNSPSQVAVVPWGLRKVLNWLKFKYGDLPMYIISNGIDDGLHAEDDQLRVYYMQNYINEALKAHILDGINLCGYFAYSFNDRTAPRFGLYRYAADQFEPKASMKHYRKIIDSNGFPGPETLERFCPEEFTVCTECSFFHTRKSLLAFIAFLFFASIISLSLIFYYSKKGRRSYK
Q9UEU0,MASSAASSEHFEKLHEIFRGLHEDLQGVPERLLGTAGTEEKKKLIRDFDEKQQEANETLAEMEEELRYAPLSFRNPMMSKLRNYRKDLAKLHREVRSTPLTATPGGRGDMKYGIYAVENEHMNRLQSQRAMLLQGTESLNRATQSIERSHRIATETDQIGSEIIEELGEQRDQLERTKSRLVNTSENLSKSRKILRSMSRKVTTNKLLLSIIILLELAILGGLVYYKFFRSH
Q9UL19,MASPHQEPKPGDLIEIFRLGYEHWALYIGDGYVIHLAPPSEYPGAGSSSVFSVLSNSAEVKRERLEDVVGGCCYRVNNSLDHEYQPRPVEVIISSAKEMVGQKMKYSIVSRNCEHFVTQLRYGKSRCKQVEKAKVEVGVATALGILVVAGCSFAIRRYQKKATA
Q9UMX3,MEVLRRSSVFAAEIMDAFDRSPTDKELVAQAKALGREYVHARLLRAGLSWSAPERAAPVPGRLAEVCAVLLRLGDELEMIRPSVYRNVARQLHISLQSEPVVTDAFLAVAGHIFSAGITWGKVVSLYAVAAGLAVDCVRQAQPAMVHALVDCLGEFVRKTLATWLRRRGGWTDVLKCVVSTDPGLRSHWLVAALCSFGRFLKAAFFVLLPER
Q9UNK0,MAPDPWFSTYDSTCQIAQEIAEKIQQRNQYERKGEKAPKLTVTIRALLQNLKEKIALLKDLLLRAVSTHQITQLEGDRRQNLLDDLVTRERLLLASFKNEGAEPDLIRSSLMSEEAKRGAPNPWLFEEPEETRGLGFDEIRQQQQKIIQEQDAGLDALSSIISRQKQMGQEIGNELDEQNEIIDDLANLVENTDEKLRNETRRVNMVDRKSASCGMIMVILLLLVAIVVVAVWPTN
Q9UNN8,MLTTLLPILLLSGWAFCSQDASDGLQRLHMLQISYFRDPYHVWYQGNASLGGHLTHVLEGPDTNTTIIQLQPLQEPESWARTQSGLQSYLLQFHGLVRLVHQERTLAFPLTIRCFLGCELPPEGSRAHVFFEVAVNGSSFVSFRPERALWQADTQVTSGVVTFTLQQLNAYNRTRYELREFLEDTCVQYVQKHISAENTKGSQTSRSYTSLVLGVLVGSFIIAGVAVGIFLCTGGRRC
Q9UPX6,METSQETSLFLVKILEELDSKQNTVSYQDLCKSLCARFDLSQLAKLRSVLFYTACLDPNFPATLFKDKMKCTVNNQQSKKIMVAADIVTIFNLIQMNGGAAKEKLPTGRQKVRKKEASFESCRSDTEICNAAECEPLNCELSERSFSRGYPIRQSSKCRKMDCKDCPQFVPASEPNFLLGVSKEVKNRAASLDRLQALAPYSVTSPQPCEMQRTYFPMNIENESISDQDSLPINQSIKETFISNEEPFVVQSCVQKRNIFKEDFHNLMAVSPSLVGPISKAENEHREPQSRKEPHKPPFFNHSFEMPYNSQYLNPVYSPVPDKRRAKHESLDDLQASTYFGPTPVMGTQEARRCLGKPNKQTPWPAKSWSLNTEEVPDFERSFFNRNPSEEKLHYPNASSQTPNFPAPERRPTYLVPKDQQPILPIAYAAKQNGLKSKEISSPVDLEKHEPVKKFKDKSINCTSGQLSSDTSSVGTQTEHVLEPKKCRDLCTSGQGKYSDRHTMKHSDDDSEIVSDDISDIFRFLDDMSISGSTGVIQSSCYNSTGSLSQLHKSDCDSSPEHNLTKIANGVPNSKGDKGNRPENTHHSEEELKTSVCKLVLRIGEIERKLESLSGVRDEISQVLGKLNKLDQKMQQPEKVSVQIDLNSLTSEGPSDDSASPRMFHAHSGSHGPKLENNPDWCCSDASGSNSESLRVKALKKSLFTRPSSRSLTEENSATESKIASISNSPRDWRTITYTNRVGLNEEEIKDTGPGDNKDWHRKSKEADRQYDIPPQHRLPKQPKDGFLVEQVFSPHPYPASLKAHMKSNPLYTDMRLTELAEVKRGQPSWTIEEYARNAGDKGKLTALDLQTQESLNPNNLEYWMEDIYTPGYDSLLKRKEAEFRRAKVCKIAALIAAAACTVILVIVVPICTMKS
Q9Y228,MISPDPRPSPGLARWAESYEAKCERRQEIRESRRCRPNVTTCRQVGKTLRIQQREQLQRARLQQFFRRRNLELEEKGKAQHPQAREQGPSRRPGQVTVLKEPLSCARRISSPREQVTGTSSEVFPAQHPPPSGICRDLSDHLSSQAGGLPPQDTPIKKPPKHHRGTQTKAEGPTIKNDASQQTNYGVAVLDKEIIQLSDYLKEALQRELVLKQKMVILQDLLSTLIQASDSSWKGQLNEDKLKGKLRSLENQLYTCTQKYSPWGMKKVLLEMEDQKNSYEQKAKESLQKVLEEKMNAEQQLQSTQRSLALAEQKCEEWRSQYEALKEDWRTLGTQHRELESQLHVLQSKLQGADSRDLQMNQALRFLENEHQQLQAKIECLQGDRDLCSLDTQDLQDQLKRSEAEKLTLVTRVQQLQGLLQNQSLQLQEQEKLLTKKDQALPVWSPKSFPNEVEPEGTGKEKDWDLRDQLQKKTLQLQAKEKECRELHSELDNLSDEYLSCLRKLQHCREELNQSQQLPPRRQCGRWLPVLMVVIAAALAVFLANKDNLMI
Q9Y2H6,MAEHPPLLDTTQILSSDISLLSAPIVSADGTQQVILVQVNPGEAFTIRREDGQFQCITGPAQVPMMSPNGSVPPIYVPPGYAPQVIEDNGVRRVVVVPQAPEFHPGSHTVLHRSPHPPLPGFIPVPTMMPPPPRHMYSPVTGAGDMTTQYMPQYQSSQVYGDVDAHSTHGRSNFRDERSSKTYERLQKKLKDRQGTQKDKMSSPPSSPQKCPSPINEHNGLIKGQIAGGINTGSAKIKSGKGKGGTQVDTEIEEKDEETKAFEALLSNIVKPVASDIQARTVVLTWSPPSSLINGETDESSVPELYGYEVLISSTGKDGKYKSVYVGEETNITLNDLKPAMDYHAKVQAEYNSIKGTPSEAEIFTTLSCEPDIPNPPRIANRTKNSLTLQWKAPSDNGSKIQNFVLEWDEGKGNGEFCQCYMGSQKQFKITKLSPAMGCKFRLSARNDYGTSGFSEEVLYYTSGCAPSMPASPVLTKAGITWLSLQWSKPSGTPSDEGISYILEMEEETSGYGFKPKYDGEDLAYTVKNLRRSTKYKFKVIAYNSEGKSNPSEVVEFTTCPDKPGIPVKPSVKGKIHSHSFKITWDPPKDNGGATINKYVVEMAEGSNGNKWEMIYSGATREHLCDRLNPGCFYRLRVYCISDGGQSAVSESLLVQTPAVPPGPCLPPRLQGRPKAKEIQLRWGPPLVDGGSPISCYSVEMSPIEKDEPREVYQGSEVECTVSSLLPGKTYSFRLRAANKMGFGPFSEKCDITTAPGPPDQCKPPQVTCRSATCAQVNWEVPLSNGTDVTEYRLEWGGVEGSMQICYCGPGLSYEIKGLSPATTYYCRVQALSVVGAGPFSEVVACVTPPSVPGIVTCLQEISDDEIENPHYSPSTCLAISWEKPCDHGSEILAYSIDFGDKQSLTVGKVTSYIINNLQPDTTYRIRIQALNSLGAGPFSHMIKLKTKPLPPDPPRLECVAFSHQNLKLKWGEGTPKTLSTDSIQYHLQMEDKNGRFVSLYRGPCHTYKVQRLNESTSYKFCIQACNEAGEGPLSQEYIFTTPKSVPAALKAPKIEKVNDHICEITWECLQPMKGDPVIYSLQVMLGKDSEFKQIYKGPDSSFRYSSLQLNCEYRFRVCAIRQCQDSLGHQDLVGPYSTTVLFISQRTEPPASTNRDTVESTRTRRALSDEQCAAVILVLFAFFSILIAFIIQYFVIK
Q9Y3D6,MEAVLNELVSVEDLLKFEKKFQSEKAAGSVSKSTQFEYAWCLVRSKYNDDIRKGIVLLEELLPKGSKEEQRDYVFYLAVGNYRLKEYEKALKYVRGLLQTEPQNNQAKELERLIDKAMKKDGLVGMAIVGGMALGVAGLAGLIGLAVSKSKS
W5XKT8,MALLALASAVPSALLALAVFRVPAWACLLCFTTYSERLRICQMFVGMRSPKLEECEEAFTAAFQGLSDTEINYDERSHLHDTFTQMTHALQELAAAQGSFEVAFPDAAEKMKKVITQLKEAQACIPPCGLQEFARRFLCSGCYSRVCDLPLDCPVQDVTVTRGDQAMFSCIVNFQLPKEEITYSWKFAGGGLRTQDLSYFRDMPRAEGYLARIRPAQLTHRGTFSCVIKQDQRPLARLYFFLNVTGPPPRAETELQASFREVLRWAPRDAELIEPWRPSLGELLARPEALTPSNLFLLAVLGALASASATVLAWMFFRWYCSGN
B7Z8K6,SQPHTKPSVFVMKNGTNVACLVKEFYPKDIRINLVSSKKITEFDPAIVISPSGKYNAVKLGKYEDSNSVTCSVQHDNKTVHSTDFEVKTDSTDHVKPKETENTKQPSKSCHKPKAIVHTEKVNMMSLTVLGLRMLFAKTVAVNFLLTAKLFFL
O60774,MSKRVGIIGAGVSGLAAIWCCLEEGLEPTCFERSDDVGGLWKFSDHTEEGRASIYQSVFTNSSKEMMCFPDFPYPDDYPNYIHHSKLQEYIKTYAQKKDLLRYIQFETLVSGIKKCPSFLVTGQWVVVTEKDGKQESTIFDAVMICSGHHVYPNLPTDSFPGLDQFRGNYLHSRDYKNPEAFKGKRVLVIGLGNSGSDIAVELSRLATQVIISTRSASWVMSRVWDDGYPWDMMYVTRFASFLRNVLPSFISDWLYVQKMNTWFKHENYGLMPLNGSLRKEPVFNDELPSRILCGTLSIKPSVKEFTETSAVFEDGTMFEAIDSVIFATGYDYSYPFLDETIMKSRNNEVTLFKGIFPPLMEKPTLAVIGLVQSLGAAIPTADLQAWWAAKVFANSCTLPTTNEMMDDTDEKMGKKLKCMFSSFFMFGQSQTLQTDYITYVDELGSFIGAKPNIPWLFLTDPRLALEVYFGPCSPYQFRLMGPGKWDGARNAILTQWNRTVKPTRTRVVSEVQRPHPFYNLLKMLSFPLLLLAVTLTFY
P59025,MRIFRPWRLRCPALHLPSLSVFSLRWKLPSLTTDETMCKSVTTDEWKKVFYEKMEEAKPADSWDLIIDPNLKHNVLSPGWKQYLELHASGRFHCSWCWHTWQSPYVVILFHMFLDRAQRAGSVRMRVFKQLCYECGTARLDESSMLEENIEGLVDNLITSLREQCYGERGGQYRIHVASRQDNRRHRGEFCEACQEGIVHWKPSEKLLEEEATTYTFSRAPSPTKSQDQTGSGWNFCSIPWCLFWATVLLLIIYLQFSFRSSV
Q5TEA6,MKPLSLLIEILIILGVTIKTIKAEEHNKRQKERNVTTQVSVNEIKQYLSHILEQRTSSNVINKRENLLEKKKNQRKIRIKGIQNKDILKRNKNHLQKQAEKNFTDEGDQLFKMGIKVLQQSKSQKQKEEAYLLFAKAADMGNLKAMEKMADALLFGNFGVQNITAAIQLYESLAKEGSCKAQNALGFLSSYGIGMEYDQAKALIYYTFGSAGGNMMSQMILGYRYLSGINVLQNCEVALSYYKKVADYIADTFEKSEGVPVEKVRLTERPENLSSNSEILDWDIYQYYKFLAERGDVQIQVSLGQLHLIGRKGLDQDYYKALHYFLKAAKAGSANAMAFIGKMYLEGNAAVPQNNATAFKYFSMAASKGNAIGLHGLGLLYFHGKGVPLNYAEALKYFQKAAEKGWPDAQFQLGFMYYSGSGIWKDYKLAFKYFYLASQSGQPLAIYYLAKMYATGTGVVRSCRTAVELYKGVCELGHWAEKFLTAYFAYKDGDIDSSLVQYALLAEMGYEVAQSNSAFILESKKANILEKEKMYPMALLLWNRAAIQGNAFARVKIGDYHYYGYGTKKDYQTAATHYSIAANKYHNAQAMFNLAYMYEHGLGITKDIHLARRLYDMAAQTSPDAHIPVLFAVMKLETTHLLRDILFFNFTTRWNWLKLDNTIGPHWDLFVIGLIVPGLILLLRNHHG
Q5TFQ8,MPVPASWPHLPSPFLLMTLLLGRLTGVAGEEELQVIQPDKSISVAAGESATLHCTVTSLIPVGPIQWFRGAGPGRELIYNQKEGHFPRVTTVSDLTKRNNMDFSIRISNITPADAGTYYCVKFRKGSPDHVEFKSGAGTELSVRAKPSAPVVSGPAARATPQHTVSFTCESHGFSPRDITLKWFKNGNELSDFQTNVDPAGDSVSYSIHSTAKVVLTREDVHSQVICEVAHVTLQGDPLRGTANLSETIRVPPTLEVTQQPVRAENQVNVTCQVRKFYPQRLQLTWLENGNVSRTETASTLTENKDGTYNWMSWLLVNVSAHRDDVKLTCQVEHDGQPAVSKSHDLKVSAHPKEQGSNTAPGPALASAAPLLIAFLLGPKVLLVVGVSVIYVYWKQKA
Q6P7N7,MKVLATSFVLGSLGLAFYLPLVVTTPKTLAIPEKLQEAVGKVIINATTCTVTCGLGYKEETVCEVGPDGVRRKCQTRRLECLTNWICGMLHFTILIGKEFELSCLSSDILEFGQEAFRFTWRLARGVISTDDEVFKPFQANSHFVKFKYAQEYDSGTYRCDVQLVKNLRLVKRLYFGLRVLPPNLVNLNFHQSLTEDQKLIDEGLEVNLDSYSKPHHPKWKKKVASALGIGIAIGVVGGVLVRIVLCALRGGLQQ
Q6UWL2,MGRGPWDAGPSRRLLPLLLLLGLARGAAGAPGPDGLDVCATCHEHATCQQREGKKICICNYGFVGNGRTQCVDKNECQFGATLVCGNHTSCHNTPGGFYCICLEGYRATNNNKTFIPNDGTFCTDIDECEVSGLCRHGGRCVNTHGSFECYCMDGYLPRNGPEPFHPTTDATSCTEIDCGTPPEVPDGYIIGNYTSSLGSQVRYACREGFFSVPEDTVSSCTGLGTWESPKLHCQEINCGNPPEMRHAILVGNHSSRLGGVARYVCQEGFESPGGKITSVCTEKGTWRESTLTCTEILTKINDVSLFNDTCVRWQINSRRINPKISYVISIKGQRLDPMESVREETVNLTTDSRTPEVCLALYPGTNYTVNISTAPPRRSMPAVIGFQTAEVDLLEDDGSFNISIFNETCLKLNRRSRKVGSEHMYQFTVLGQRWYLANFSHATSFNFTTREQVPVVCLDLYPTTDYTVNVTLLRSPKRHSVQITIATPPAVKQTISNISGFNETCLRWRSIKTADMEEMYLFHIWGQRWYQKEFAQEMTFNISSSSRDPEVCLDLRPGTNYNVSLRALSSELPVVISLTTQITEPPLPEVEFFTVHRGPLPRLRLRKAKEKNGPISSYQVLVLPLALQSTFSCDSEGASSFFSNASDADGYVAAELLAKDVPDDAMEIPIGDRLYYGEYYNAPLKRGSDYCIILRITSEWNKVRRHSCAVWAQVKDSSLMLLQMAGVGLGSLAVVIILTFLSFSAV
Q6UWM7,MKPVWVATLLWMLLLVPRLGAARKGSPEEASFYYGTFPLGFSWGVGSSAYQTEGAWDQDGKGPSIWDVFTHSGKGKVLGNETADVACDGYYKVQEDIILLRELHVNHYRFSLSWPRLLPTGIRAEQVNKKGIEFYSDLIDALLSSNITPIVTLHHWDLPQLLQVKYGGWQNVSMANYFRDYANLCFEAFGDRVKHWITFSDPRAMAEKGYETGHHAPGLKLRGTGLYKAAHHIIKAHAKAWHSYNTTWRSKQQGLVGISLNCDWGEPVDISNPKDLEAAERYLQFCLGWFANPIYAGDYPQVMKDYIGRKSAEQGLEMSRLPVFSLQEKSYIKGTSDFLGLGHFTTRYITERNYPSRQGPSYQNDRDLIELVDPNWPDLGSKWLYSVPWGFRRLLNFAQTQYGDPPIYVMENGASQKFHCTQLCDEWRIQYLKGYINEMLKAIKDGANIKGYTSWSLLDKFEWEKGYSDRYGFYYVEFNDRNKPRYPKASVQYYKKIIIANGFPNPREVESWYLKALETCSINNQMLAAEPLLSHMQMVTEIVVPTVCSLCVLITAVLLMLLLRRQS
Q6ZNB6,MEASWRQVAGGRGRSRGRATAAPSGNGVHLRGAGGGREKGSVGAVPSGTSPGGVATTAAAGSRHSPAGSQALQTTAASELMSQKKFEEIKKANQAAARKLVEEQFSSSSEEGDEDFEGKQGKILANTFITYTTQTDGDTRELERTKQYVNEAFQAGAMTCLICIASVKRNQAVWSCSGCFCIFHMPCIQKWAKDSQFLVSSVTDDDFGKKDCPWPCPKCRFEYKRSETPSRYYCYCGKVEDPPLDPWLVPHSCGQVCEREFKPPCGHKCLLLCHPGPCPPCPKMVTTTCYCKKAKPIPRRCSAKEWSCQLPCGQKLLCGQHKCENPCHAGSCQPCPRVSRQKCVCGKKVAERSCASPLWHCDQVCGKTLPCGNHTCEQVCHVGACGECPRSGKRFCPCQKSKFSLPCTEDVPTCGDSCDKVLECGIHRCSQRCHRGPCETCRQEVEKHCRCGKHTKRMPCHKPYLCETKCVKMRDCQKHQCRRKCCPGNCPPCDQNCGRTLGCRNHKCPSVCHRGSCYPCPETVDVKCNCGNTKVTVPCGRERTTRPPKCKEQCSRPPTCHHTSQEKHRCHFGSCPPCHQPCQKVLEKCGHLCPAPCHDQALIKQTGRHQPTGPWEQPSEPAFIQTALPCPPCQVPIPMECLGKHEVSPLPCHAVGPYSCKRVCGRILDCQNHTCMKECHKVTKTDGCTGKNKAGPECLHCEEGCSKSRPLGCLHPCILRCHPGECPPCVQMLRIKCHCKITSLYVECRKITTADVNEKNLLSCCKNQCPKELPCGHRCKEMCHPGECPFNCNQKVKLRCPCKRIKKELQCNKVRENQVSIECDTTCKEMKRKASEIKEAEAKAALEEEKRRQQAELEAFENRLKGRRKKNRKRDEVAVELSLWQKHKYYLISVCGVVVVVFAWYITHDVN
Q6ZS82,MAREECKALLDGLNKTTACYHHLVLTVGGSADSQNLRQELQKTRQKAQELAVSTCARLTAVLRDRGLAADERAEFERLWVAFSGCLDLLEADMRRALELGAAFPLHAPRRPLVRTGVAGASSGVAARALSTRSLRLEAEGDFDVADLRELEREVLQVGEMIDNMEMKVNVPRWTVQARQAAGAELLSTVSAGPSSVVSLQERGGGCDPRKALAAILFGAVLLAAVALAVCVAKLS
Q8N111,MESRGKSASSPKPDTKVPQVTTEAKVPPAADGKAPLTKPSKKEAPAEKQQPPAAPTTAPAKKTSAKADPALLNNHSNLKPAPTVPSSPDATPEPKGPGDGAEEDEAASGGPGGRGPWSCENFNPLLVAGGVAVAAIALILGVAFLVRKK
Q8TBF5,MAARVAAVRAAAWLLLGAATGLTRGPAAAFTAARSDAGIRAMCSEIILRQEVLKDGFHRDLLIKVKFGESIEDLHTCRLLIKQDIPAGLYVDPYELASLRERNITEAVMVSENFDIEAPNYLSKESEVLIYARRDSQCIDCFQAFLPVHCRYHRPHSEDGEASIVVNNPDLLMFCDQEFPILKCWAHSEVAAPCALENEDICQWNKMKYKSVYKNVILQVPVGLTVHTSLVCSVTLLITILCSTLILVAVFKYGHFSL
Q9BQQ7,MAGDTEVWKQMFQELMREVKPWHRWTLRPDKGLLPNVLKPGWMQYQQWTFARFQCSSCSRNWASAQVLVLFHMNWSEEKSRGQVKMRVFTQRCKKCPQPLFEDPEFTQENISRILKNLVFRILKKCYRGRFQLIEEVPMIKDISLEGPHNSDNCEACLQGFCAGPIQVTSLPPSQTPRVHSIYKVEEVVKPWASGENVYSYACQNHICRNLSIFCCCVILIVIVVIVVKTAI
Q9GZT6,MNSRQAWRLFLSQGRGDRWVSRPRGHFSPALRREFFTTTTKEGYDRRPVDITPLEQRKLTFDTHALVQDLETHGFDKTQAETIVSALTALSNVSLDTIYKEMVTQAQQEITVQQLMAHLDAIRKDMVILEKSEFANLRAENEKMKIELDQVKQQLMHETSRIRADNKLDINLERSRVTDMFTDQEKQLMETTTEFTKKDTQTKSIISETSNKIDAEIASLKTLMESNKLETIRYLAASVFTCLAIALGFYRFWK
P61570,MNPSEMQRKAPPRRRRHRNRAPLTHKMNKMVTSEEQMKLPSTKKAEPPTWAQLKKLTQLATKYLENTKVTQTPESMLLAALMIVSMVVSLPMPAGAAAANYTYWAYVPFPPLIRAVTWMDNPIEVYVNDSVWVPGPIDDRCPAKPEEEGMMINISIGYRYPPICLGTAPGCLMPAVQNWLVEVPIVSPISRFTYHMVSGMSLRPRVNYLQDFSYQRSLKFRPKGKPCPKEIPKESKNTEVLVWEECVANSAVILQNNEFGTIIDWAPRGQFYHNCSGQTQSCPSAQVSPAVDSDLTESLDKHKHKKLQSFYPWEWGEKGISTPRPKIVSPVSGPEHPELWRLTVASHHIRIWSGNQTLETRDRKPFYTVDLNSSLTVPLQSCVKPPYMLVVGNIVIKPDSQTITCENCRLLTCIDSTFNWQHRILLVRAREGVWIPVSMDRPWEASPSIHILTEVLKGVLNRSKRFIFTLIAVIMGLIAVTATGAVAGVALHSSVQSVNFVNDWQKNSTRLWNSQSSIDQKLANQINDLRQTVIWMGDRLMSLEHRFQLQCDWNTSDFCITPQIYNESEHHWDMVRRHLQGREDNLTLDISKLKEQIFKASKAHLNLVPGTEAIAGVADGLANLNPVTWVKTIGSTTIINLILILVCLFCLLLVCRCTQQL
Q5VXM1,MLAEWGACLLLAVALLGPGLQAQAMEGVKCGGVLSAPSGNFSSPNFPRLYPYNTECSWLIVVAEGSSVLLTFHAFDLEYHDTCSFDFLEIYNGASPDKGNLLGRFCGKVPPPPFTSSWHVMSVIFHSDKHVASHGFSAGYQKDVCGGVLTGLSGVLTSPEYPNNYPNSMECHWVIRAAGPAHVKLVFVDFQVEGNEECTYDYVAVLGGPGPTRGHHYCGSTRPPTLVSLGHELQVVFKSDFNIGGRGFKAYYFSGECQEVYMAMRGNFSSPQYPSSYPNNIRCHWTIRLPPGYQVKVFFLDLDLEEPNSLTKTCDFDHLAAFDGASEEAPLLGNWCGHHLPPPVTSSHNQLLLLLHTDRSTTRRGFSVAYIGVVPMNVSCSRTDFQILISTQALAPLERTKVYLGSRSCAAQEVGGNLRIQARFDTCGTESQRRNNTSVIVSVLYIDFSAAGREDIHEYEVRCEPRRKEASVHLLSGSHWLGPYAATAEHLQEAPPMDEAEALEGPVSMVAQDTSDIVFLGLCILAGILMVIAIVVLMLL
Q6IEE8,MDLARKEFLRGNGLAAGKMNISIDLDTNYAELVLNVGRVTLGENNRKKMKDCQLRKQQNENVSRAVCALLNSGGGVIKAEVENKGYSYKKDGIGLDLENSFSNMLPFVPNFLDFMQNGNYFHIFVKSWSLETSGPQIATLSSSLYKRDVTSAKVMNASAALEFLKDMEKTGGRAYLRPEFPAKRACVDVQEESNMEALAADFFNRTELGYKEKLTFTESTHVEIKNFSTEKLLQRITEILPQYVSAFANTDGGYLFVGLNEDKEVIGFKAEKSYLTKLEEVTKNSIGKLPVHHFCVEKGTINYLCKFLGVYDKGRLCGYVYALRVERFCCAVFAKKPDSWHVKDNRVKQLTEKEWIQFMVDSEPVCEELPSPASTSSPVSQSYPLREYINFKIQPLRYHLPGLSEKITCAPKTFCRNLFSQHEGLKQLICEEMGSVNKGSLIFSRSWSLDLGLQENHKVLCDALLISQDKPPVLYTFHMVQDEEFKDYSTQTAQTLKQKLAKIGGYTKKVCVMTKIFYLSPEGKTSCQYDLNSQVIYPESYYWTTAQTMKDLEKALSNILPKENQIFLFVCLFRFCLFVCWFVCFFLR
Q86V35,MPFHPVTAALMYRGIYTVPNLLSEQRPVDIPEDELEEIREAFKVFDRDGNGFISKQELGTAMRSLGYMPNEVELEVIIQRLDMDGDGQVDFEEFVTLLGPKLSTSGIPEKFHGTDFDTVFWKCDMQKLTVDELKRLLYDTFCEHLSMKDIENIIMTEEESHLGTAEECPVDVETCSNQQIRQTCVRKSLICAFAIAFIISVMLIAANQVLRSGMK
Q8NCL9,MPAAMLPYACVLVLLGAHTAPAAGEAGGSCLRWEPHCQQPLPDRVPSTAILPPRLNGPWISTGCEVRPGPEFLTRAYTFYPSRLFRAHQFYYEDPFCGEPAHSLLVKGKVRLRRASWVTRGATEADYHLHKVGIVFHSRRALVDVTGRLNQTRAGRDCARRLPPARAWLPGALYELRSARAQGDCLEALGLTMHELSLVRVQRRLQPQPRASPRLVEELYLGDIHTDPAERRHYRPTGYQRPLQSALHHVQPCPACGLIARSDVHHPPVLPPPLALPLHLGGWWVSSGCEVRPAVLFLTRLFTFHGHSRSWEGYYHHFSDPACRQPTFTVYAAGRYTRGTPSTRVRGGTELVFEVTRAHVTPMDQVTTAMLNFSEPSSCGGAGAWSMGTERDVTATNGCLPLGIRLPHVEYELFKMEQDPLGQSLLFIGQRPTDGSSPDTPEKRPTSYQAPLVLCHGEAPDFSRPPQHRPSLQKHPSTGGLHIAPFPLLPLVLGLAFLHWL
Q96JQ2,MAAHEWDWFQREELIGQISDIRVQNLQVERENVQKRTFTRWINLHLEKCNPPLEVKDLFVDIQDGKILMALLEVLSGRNLLHEYKSSSHRIFRLNNIAKALKFLEDSNVKLVSIDAAEIADGNPSLVLGLIWNIILFFQIKELTGNLSRNSPSSSLSPGSGGTDSDSSFPPTPTAERSVAISVKDQRKAIKALLAWVQRKTRKYGVAVQDFAGSWRSGLAFLAVIKAIDPSLVDMKQALENSTRENLEKAFSIAQDALHIPRLLEPEDIMVDTPDEQSIMTYVAQFLERFPELEAEDIFDSDKEVPIESTFVRIKETPSEQESKVFVLTENGERTYTVNHETSHPPPSKVFVCDKPESMKEFRLDGVSSHALSDSSTEFMHQIIDQVLQGGPGKTSDISEPSPESSILSSRKENGRSNSLPIKKTVHFEADTYKDPFCSKNLSLCFEGSPRVAKESLRQDGHVLAVEVAEEKEQKQESSKIPESSSDKVAGDIFLVEGTNNNSQSSSCNGALESTARHDEESHSLSPPGENTVMADSFQIKVNLMTVEALEEGDYFEAIPLKASKFNSDLIDFASTSQAFNKVPSPHETKPDEDAEAFENHAEKLGKRSIKSAHKKKDSPEPQVKMDKHEPHQDSGEEAEGCPSAPEETPVDKKPEVHEKAKRKSTRPHYEEEGEDDDLQGVGEELSSSPPSSCVSLETLGSHSEEGLDFKPSPPLSKVSVIPHDLFYFPHYEVPLAAVLEAYVEDPEDLKNEEMDLEEPEGYMPDLDSREEEADGSQSSSSSSVPGESLPSASDQVLYLSRGGVGTTPASEPAPLAPHEDHQQRETKENDPMDSHQSQESPNLENIANPLEENVTKESISSKKKEKRKHVDHVESSLFVAPGSVQSSDDLEEDSSDYSIPSRTSHSDSSIYLRRHTHRSSESDHFSYVQLRNAADLDDRRNRILTRKANSSGEAMSLGSHSPQSDSLTQLVQQPDMMYFILFLWLLVYCLLLFPQLDVSRL
Q96NA8,MSYGSIARGGGLGSRGPFGGPSRQGCQPLECARCWTEYGIRHFPCPSPESKLQNRCVGKDGEGDLGPAGTPIVPRARKRGPGVAPEGSRMPEPTSSPTIGPRKDSAAGPHGRMAGPSTTRAKKRKPNFCPQETEVLVSKVSKHHQLLFGTGLLKAEPTRRYRVWSRILQAVNALGYCRRDVVDLKHKWRDLRAVVRRKLGDLRKAAHGPSPGSGKPQALALTPVEQVVAKTFSCQALPSEGFSLEPPRATQVDPCNLQELFQEMSANVFRINSSVTSLERSLQSLGTPSDTQELRDSLHTAQQETNKTIAASASSVKQMAELLRSSCPQERLQQERPQLDRLKTQLSDAIQCYGVVQKKIAEKSRALLPMAQRGSKQSPQAPFAELADDEKVFNGSDNMWQGQEQALLPDITEEDLEAIRLREEAILQMESNLLDVNQIIKDLASMVSEQGEAVDSIEASLEAASSHAEAARQLLAGASRHQLQRHKIKCCFLSAGVTALLVIIIIIATSVRK
Q9H7X2,MTVGARLRSKAESSLLRRGPRGRGRTEGDEEAAAILEHLEYADEAEAAAESGTSAADERGPGTRGARRVHFALLPERYEPLEEPAPSEQPRKRYRRKLKKYGKNVGKVIIKGCRYVVIGLQGFAAAYSAPFAVATSVVSFVR
Q9NX77,MWTVPSFTNDSYQVYNVFSTNSFQLLTVKRTPHEAWRVPLTTKTNKTKGLPDCPKKPTNGPFIVTSILWDNCNAPKAVVLQTLAMGIVIDWAPKGHYWQDCSSKNTLCSEFIYSLDYIEHGWQSYTMRQRVSPYPFKWMDTGIAPPRPKIIHPFFTPEHPELWKLAAALSGIKIWNTTYQLLRTKTKTPTFNITLISEWVIPIRSCVKPPYMLLVGNIIMMPDAQTIECHNCKLFTCIDATFNPTTSILLVRAREGVWIPVSLHRPWESSPSIHIVNEVLKDILKRTKRFIFTLIAVLAGLLAVTATAATAGVAIRSSVQTAHYVEACQKNSSRLWNSQAQIDQKLANQINDLRQSVTWLGDRVMNLQHRMQLQCDWNTSDYCITPYAYNQDQHSWENVSRHLKAWDDNLTLDISQLKEQIFEASQAHLSTVPGSHIFEGITKQLPDFNPFKWLKPVRGSLLLLALLILVCLCCLLLVCRCL
A0A6I8PU40,MARPPPLPGLVGRRNGRAVDRAIGWRLFLLLWHPALGAQARPPRRAPGGRWRSRRVFLLVRRTRAAAYAFAIRRGVVRVVGGGGQLLRPAPGEAAAAAAAGFGAAGEAGVAGAGLEAWRHPSGPARTQLGGQEGAGGWLVVGFLLCLFLLMPP
A6NCQ9,MSEGESKDSSGSECPVCYEKFRDLEGASRTLSCGHVFCHDCLVKYLLSTRVDGQVQRTLVCPICRYVTFLSKKSSRWPSMLDKSSQTLAVPVGLPSVPPLDSLGHTNPLAASSPAWRPPPGQARPPGSPGQSAQLPLDLLPSLPRESQIFVISRHGMPLGEQDSVLPRRSLAELSEASLAPRSARAFCCRSRALLLITLIAVVAVVAAILPWVLLVRKQA
A6NLU5,MEQRNRLGALGYLPPLLLHALLLFVADAAFTEVPKDVTVREGDDIEMPCAFRASGATSYSLEIQWWYLKEPPRELLHELALSVPGARSKVTNKDATKISTVRVQGNDISHRLRLSAVRLQDEGVYECRVSDYSDDDTQEHKAQAMLRVLSRFAPPNMQAAEAVSHIQSSGPRRHGPASAANANNAGAASRTTSEPGRGDKSPPPGSPPAAIDPAVPEAAAASAAHTPTTTVAAAAAASSASPPSGQAVLLRQRHGSGTGRSYTTDPLLSLLLLALHKFLRLLLGH
A6NNC1,MPEQDKDPRVQENPDDQRTVPEVTGDARSAFWPLRDNGGPSPFVPRPGPLQTDLHAQSSEIRYNHTSQTSWTSSSTKRNAISSSYSSTGGLPGLKQRRGPASSRCQLTLSYSKTVSEDRPQAVSSGHTRCEKGADTAPGQTIAPTGGSPRSQDSRPRRRKIPLLPRRRGEPLMLPPPLELGYRVTAEDLHLEKETAFQRINSALHVEDKAIPDCRPSRPSHTLSSLATGASGGPPVSKAPTMDAQQDRPKSQDSLGLLAPLASAAEVPSTAPVSGKKHRPPGPLFSSSDPLPATSYHSRDTAQVTSLIPATFTAASRDAGMRRTRSAPAAATAAPPPSTLNNTSGSLLNAVDGGPSHFLASATAAARAQRSEVRYNQRSQTSRTRSCLKRNASSSSSSHSSTEGLQELKRRRGPASSHCQLAHSSSNTVSEDGPQAVSSGHRCENKAGTAPGQTLAPRGGSPRSQASRPHINSALYVEDKAISDCRPSRPSHTLSSLATGASGGPPVSKAPTMDAQQDRPKSQDCLGLVAPLASAAEVPSTAPVSGKKHRPPGPLFSSSDPLPATSSHSRDSAQVTSLIPATFTAASRDAGMRRTRPGTSAPAAAAAALPPSTLNPTSGSLLNAVDGGPSHFLASATAAARAQRSEVRYNQRSQTSRTRSCLKRNASSSSHSSTEGLQELKRRRGPASSHCQLAHSSSNTVSEDGPQAVSSGHRCENKAGTAPGQTLAPRGGYPRSQASRPRINSALHVEDKAISDCRPSRPSHTLSSLATGASGGPPVSKAPTMDAQQDRPKSQDCLGLLAPLASAAEVSSTAPVSGKKHRPPGPLFSSSDPLPATSSHSGDSAQDTSLIPAPFTPASRDAGIRRMFRVRNCLRGLGLFLLVFSFFFLLTWASFSF
Q8IVJ8,MKTMATRKRCKLSRTGPEFENVIKRLLCARTFHTRIGGDLTHGIINRGRRANAEQMGLQGSAQHFNIFPLDLWTQGKKTEVQKREGTDSIPAAGRSGTANQPSIAPHRCLFSRGITALDGLKRGRGCNGAAHLVRGDAWKTKLGEPWVSIALALAGPGAILILELSWFLG
Q8N1Y9,MAKWVPALLLRRVPLFSLRFRPASSTFLPVLAATEPAVSVPSGDLSMPVKTRAEGEDDGFGEAGDPRRLLERPWRFRGCLPGKGNRDVGFEGTEGPTSTRPEWVWSCRCCLGCRASTRERVTSPVRAAGPQPRFTDRETEAAAGTLAHMGFAPPTSFSHFTDQELRDCSSLECLGVVEGDPHVLCSTLSLSRPSPSATLTLLLASSCLLAPAPPSFILLLFTLIAPDLPHS
Q8N7S6,MLGQRAGDGERPGLPGDGEGGVPARPGRRAERPPQRPAKVNKAVTCAAHLPGAAASRPLSPNKPDRVRPGQRDRIGAKRQRRRRADAGQARAASSRRVVPTAPEVLGAVASLPDRGRPTVARVATGSRLEGLFSAASLKLSALTQSLTRVRQAPTASGATIRLPASPVEMFLTSAFLTGFSFHCLYSGIGHGEDILASVEQITIVSRPLSGQRGAGPGNSAYTPRRSQGGPRAATTPGFRFPCRGLVRRAVLRLTVTVQDCILTALLAVSFHSIGVVIMTSSYLLGPVVK
Q9NUB4,MTRLCLPRPEAREDPIPVPPRGLGAGEGSGSPVRPPVSTWGPSWAQLLDSVLWLGALGLTIQAVFSTTGPALLLLLVSFLTFDLLHRPAGHTLPQRKLLTRGQSQGAGEGPGQQEALLLQMGTVSGQLSLQDALLLLLMGLGPLLRACGMPLTLLGLAFCLHPWA
